SMILES,SPLIT
N#CC(=Cc1ccc(O)cc1)C(=N)C(C#N)C#N,train
COc1cc(C=C(C#N)C(=N)C(C#N)C#N)cc(O)c1O,train
N#CC(=Cc1cc(O)c(O)c(O)c1)C(=N)C(C#N)C#N,train
COc1ccc2cncnc2c1,train
COc1ccc(C=C(C#N)c2cccnc2)cc1OC,train
CN(C)c1ccc2cncnc2c1,train
O=C(Nc1ccc(Br)cc1)c1ccc(N(CCCl)CCCl)cc1,train
O=C(C=Cc1ccc(O)c(O)c1)OCCc1ccccc1,train
Nc1ccc2cncnc2c1,train
N#CC(=Cc1cc(O)c(O)c(Br)c1)C(=N)C(C#N)C#N,train
CNc1ccc2ncncc2c1,train
CNc1ccc2cncnc2c1,train
Cc1ccc(Br)c2c(C#N)cc(C(=O)C3CC3)n12,train
N#CC(C#N)=Cc1cc(O)c(O)c(O)c1,test
COc1ccc(NC(=O)c2ccc(N(CCCl)CCCl)cc2)cc1,test
CCOc1cc2ncc(C#N)c(Nc3ccc(OCCc4ccccc4)c(Cl)c3)c2cc1NC(=O)C=CCN(C)C,train
c1ccc(CNc2ncnc3c2sc2ccccc23)cc1,train
O=C(O)C=Cc1cc(CO)ccc1CO,train
CSCc1cc(C=C2C(=O)Nc3ccccc32)cc(CSC)c1O,train
COCOC#CC(=O)Nc1ccc2ncc(C#N)c(Nc3cccc(Br)c3)c2c1,train
COCCOCC#CC(=O)Nc1ccc2ncc(C#N)c(Nc3cccc(Br)c3)c2c1,train
CCOC(=O)C(=O)Oc1ccc(-c2c(C(=O)OCC)oc3cc(O)cc(O)c3c2=O)cc1,test
CCCc1c(C(=O)OCC)cn2ncnc(Nc3ccc4c(cnn4Cc4ccccc4)c3)c12,train
C#Cc1cc(Nc2ncnc3cc(OC)c(OCCCCCCC(O)=NO)cc23)ccc1F,train
Oc1c(Cl)cc(Cl)cc1Sc1cc(Cl)cc(Cl)c1O,train
N#CC(=Cc1ccc(O)c(O)c1)S(=O)(=O)C(C#N)=Cc1ccc(O)c(O)c1,train
N#CC(=Cc1cc(O)c(O)c(O)c1)C(=O)NCCCCNC(=O)C(C#N)=Cc1cc(O)c(O)c(O)c1,test
COc1cc2ncnc(NC(C)c3ccccc3)c2cc1OCCCCCCC(O)=NO,train
COc1cc2ncnc(NC(C)c3ccc(Cl)cc3)c2cc1OCCCCCCC(O)=NO,train
CCOc1cc2ncc(C#N)c(Nc3ccc(OCC4CCCCC4)c(Cl)c3)c2cc1NC(=O)C=CCN(C)C,train
CCOc1cc(N)c(C(=O)Nc2ccc(OCc3ccccn3)c(Cl)c2)cc1NC(=O)C=CCN(C)C,train
CCN(CC)C(C)(C#Cc1ncnc2cc(OC)c(OC)cc12)Cc1ccncc1,train
CCN(CC)C(C)(C#Cc1ncnc2cc(OC)c(OC)cc12)Cc1ccncc1,train
Cc1cccc(Nc2cc(NCCO)ncn2)c1,train
CC(C)c1cc(C=C(C#N)C(N)=O)cc(C(C)C)c1O,train
NC1CCc2c(c3cc(OCCc4ccc(O)cc4)ccc3n2CCCCCc2ccccc2)C1,train
N#CC(C#N)C1=c2cc(O)c(O)cc2=CC1,train
COCOCC#CC(=O)Nc1ccc2ncc(C#N)c(Nc3cccc(Br)c3)c2c1,train
COCCn1cc(-c2ccncn2)c(-c2ccc(Cl)cc2)n1,train
COc1ccc(CNc2ccnc3oc4ccccc4c23)cc1,train
COc1cc2ncnc(NCc3ccc(Cl)c(F)c3)c2cc1OCCCCCCC(O)=NO,train
COc1cc2ncc(C#N)c(Nc3ccc(Sc4nccs4)c(Cl)c3)c2cc1NC(=O)C=CCN(C)C,train
COc1cc2ncc(C#N)c(NC3CC3c3ccccc3)c2cc1OCCCc1cccnc1,train
CCOc1cc2ncc(C#N)c(Nc3ccc(OCc4nccn4C)c(Cl)c3)c2cc1NC(=O)C=CCN(C)C,train
CCN(CC)CCOc1ccc(Nc2ncc3cc(-c4c(Cl)cccc4Cl)c(=O)n(C)c3n2)cc1,train
CCN(CC)CCOc1ccc(C=C2C(=O)Nc3ccc(Cl)cc32)cc1,train
CCN(CC)C(C)(CCc1ncnc2cc(OC)c(OC)cc12)Cc1ccccc1,train
Cc1nc2ccccc2nc(=O)c1NNc1ccccc1,train
Cc1ccc2nc(Oc3ccc(F)cc3)c(C=NNC(=O)Cn3c([N+](=O)[O-])cnc3C)cc2c1,train
O=C1C(=O)C(c2ccc(O)c(O)c2)Oc2cc(O)cc(O)c21,train
COCC#CC(=O)Nc1cc2c(Nc3cccc(Br)c3)c(C#N)cnc2cc1OC,train
COc1cc2ncnc(NCc3ccc(F)cc3)c2cc1OCCCCCCC(O)=NO,train
COc1cc2ncc(C#N)c(Nc3cccc(Br)c3C)c2cc1OC,train
COc1cc2ncc(C#N)c(Nc3ccc(Sc4ncc(-c5ccccc5)s4)c(Cl)c3)c2cc1NC(=O)C=CCN(C)C,train
COc1cc(Nc2ncc([N+](=O)[O-])c(Nc3ccccc3C(N)=O)n2)cc(OC)c1OC,train
COc1cc(C=C(C#N)C(N)=O)cc(CSc2ccccc2)c1O,train
COC(=O)c1ccc2c(c1)S(=O)(=O)N=S2c1ccc(Br)cc1,train
CN(C)CCn1cnc(-c2ccc(F)cc2)c1-c1ccc2[nH]ncc2c1,train
CCOc1cc2ncc(C#N)c(Nc3ccc(OCc4ccccn4)c(Cl)c3)c2cc1NC(=O)CCN1CCCCC1,train
CCOC(=O)c1cn2ncnc(Nc3ccc(F)c(Cl)c3)c2c1CC,train
CCOC(=O)c1cc(NCc2cc(O)ccc2O)ccc1O,train
CCN(CC)C(C)(C#Cc1ncnc2cc(OC)c(OC)cc12)Cc1ccccc1,train
Cc1ncnc(Nc2ccc(OCc3cccc(F)c3)c(Cl)c2)c1C#CCCCN1CCOCC1,train
Cc1cccc(Nc2ncnc3cc(NCCCCN(C)C)ncc23)c1,train
Cc1ccc2c(c1)=NCC(=NNc1ccccc1)C(=O)N=2,train
Cc1ccc(NC(=O)c2ccc(N(CCCl)CCCl)cc2)cc1,test
CC(COC(=O)c1cc(NCc2cc(O)ccc2O)ccc1O)CC(C)(C)C,train
C#Cc1cccc(Nc2ncnn3ccc(COCC4CNCCO4)c23)c1,train
C#Cc1cccc(Nc2ncnc3cc(OC)c(OCCCCCC(O)=NO)cc23)c1,train
C#Cc1cccc(Nc2ccnc3cc(OCCOC)c(OCCOC)cc23)c1,test
Oc1csc(NN=Cc2cc(Cl)ccc2O)n1,train
Oc1cccc(Nc2ncnc3scc(Cl)c23)c1,train
Oc1ccc(Nc2ncnc3scc(Cl)c23)cc1,train
O=C(NCCCc1ccccc1)c1cc(NCc2cc(O)ccc2O)ccc1O,train
Fc1ccc(Nc2ncnn3cccc23)cc1Cl,train
COCC#CC(=O)Nc1ccc2ncc(C#N)c(Nc3cccc(Br)c3)c2c1,train
COc1ccc(N(c2nc(C)nc3oc(C)cc23)C(C)C)cc1,train
COc1cc2ncnc(Sc3cccc(Cl)c3)c2cc1OC,train
COc1cc2ncnc(NCc3ccccc3)c2cc1OCCCCCCC(O)=NO,train
COc1cc2ncc(C#N)c(Nc3cccc(Br)c3)c2cc1NC(=O)C#CCN(C)C,train
CN(C)CCCC(=O)Nc1cc2c(Nc3ccc(F)c(Cl)c3)ncnc2s1,train
CN(C)CCC(=O)c1ccc(OCc2ccccc2)c(O)c1,train
CCOc1cc2ncc(C#N)c(Nc3ccc(OCc4cccs4)c(Cl)c3)c2cc1NC(=O)C=CCN(C)C,train
CCOc1cc2ncc(C#N)c(Nc3ccc(OCc4ccccn4)c(Cl)c3)c2cc1NC(=O)CCN(C)C,train
CCOc1cc2ncc(C#N)c(Nc3ccc(OCc4ccccc4)c(C#N)c3)c2cc1NC(=O)C=CCN(C)C,train
CCOc1cc2ncc(C#N)c(Nc3ccc(OC(C)c4ccccc4)c(Cl)c3)c2cc1NC(=O)C=CCN(C)C,train
CCCCCOc1ccc(Nc2c(C#N)cnc3cc(OCC)c(NC(=O)C=CCN(C)C)cc23)cc1Cl,train
CCCCCCNC(=O)c1cc(NCc2cc(O)ccc2O)ccc1O,train
Cc1ncnc(Nc2ccc(OCc3cccc(F)c3)c(Cl)c2)c1C=NOCCN1CCOCC1,train
Cc1ncc([N+](=O)[O-])n1CC(=NNC(=O)c1ccc(O)cc1)c1ccc(Br)cc1,train
Cc1ncc([N+](=O)[O-])n1CC(=NNC(=O)c1ccc(N)cc1)c1ccc(Br)cc1,train
Cc1cc2c(Nc3ccc(F)c(Cl)c3)ncnn2c1,train
Nc1ccc(-c2[nH]nc3ncnc(Nc4cccc(Cl)c4)c23)cc1,train
COCC(=O)Nc1ccc2ncnc(Nc3cc(Cl)c(Cl)cc3F)c2c1,train
COc1ccc2ncnc(Nc3ccccc3)c2c1,train
COc1ccc2ncnc(Nc3cc(OC)c(OC)c(OC)c3)c2c1,train
COc1cc2ncnc(NC3CC3c3ccccc3)c2cc1OCCCN(C)C,train
COc1cc2ncc(C#N)c(Nc3ccc(Sc4nccn4C)c(Cl)c3)c2cc1NC(=O)C=CCN(C)C,train
CN1CCN(N=Cc2c(N)ncnc2Nc2ccc3c(cnn3Cc3cccc(F)c3)c2)CC1,train
CN(C)CC=CC(=O)Nc1ccc2ncc(C#N)c(Nc3ccc(F)c(Cl)c3)c2c1,train
CCOc1cc2ncc(C#N)c(Nc3ccc(OCc4ccccc4)c(Cl)c3)c2cc1NC(=O)C=CCN(C)CCOC,train
CCOc1cc2ncc(C#N)c(Nc3ccc(Oc4ccncc4)c(Cl)c3)c2cc1NC(=O)C=CCN(C)C,train
CCOC(=O)C1CCN(CCC(=O)c2ccc(OCc3ccccc3)cc2)CC1,train
CCN(CC)CCCCNc1ncc2cc(-c3c(Cl)cccc3Cl)c(NC(=O)NC(C)(C)C)nc2n1,train
Cc1ncnc(Nc2ccc(OCc3cccc(F)c3)c(Cl)c2)c1C=C(F)C(=O)NCCN1CCOCC1,train
Cc1[nH]c2ncnc(Nc3cccc(Br)c3)c2c1C,train
C=CCN(C)CC#CC(=O)Nc1ccc2ncnc(Nc3cccc(Br)c3)c2c1,train
C=CC(=O)Nc1cc2c(Cc3ccc(F)c(Cl)c3)ncnc2cc1OCCOCCCCO,train
C=CC(=O)NC1=CC=C2N=CN=C(Nc3cccc(C)c3)C21,train
C=C(CN(C)C)C(=O)c1ccc(OCc2ccccc2)cc1,train
C#Cc1cccc(Nc2ncnc3ccc(OCCCCNCC=S(=C)(O)O)cc23)c1,train
Brc1cccc(Oc2ncnc3ccccc23)c1,train
Brc1cccc(Nc2ncnc3cnc(NCCN4CCOCC4)nc23)c1,train
Brc1cccc(Nc2ncnc3cnc(NCCN4CCOCC4)cc23)c1,train
O=NN(CCCl)C(=O)Nc1ccc2ncnc(Nc3cccc(Cl)c3)c2c1,train
O=C(NCCCl)Nc1ccc2ncnc(Nc3cccc(Cl)c3)c2c1,test
O=C(CCBr)Nc1ccc2ncnc(Nc3ccc(F)c(Cl)c3)c2c1,train
Nc1ccc2c(Nc3ccccc3)ncnc2c1,train
N#Cc1cnc2ccc(NC(=O)C#CCN(C3CC3)C3CC3)cc2c1Nc1cccc(Br)c1,train
N#CC(=Cc1cc(-c2ccccc2)c(O)c(-c2ccccc2)c1)C(N)=O,train
COCC(=O)Nc1ccc2ncnc(Nc3cccc(I)c3)c2c1,train
COc1cc2ncnc(C#CCOc3ccccc3)c2cc1OC,train
COc1cc2ncc(C#N)c(Nc3cccc(Br)c3)c2cc1NC(=O)C=CCN(C)C,train
COc1cc2ncc(C#N)c(Nc3ccc(OCc4ccccc4)c(Cl)c3)c2cc1NC(=O)C=CCN(C)C,train
CNc1cc2c(Nc3ccccc3)ncnc2cn1,train
CN(C)CC=CC(=O)Nc1ccc2ncc(C#N)c(Nc3cccc(Br)c3)c2c1,train
CN(C)C=CCC(=O)Nc1ccc2ncnc(Nc3ccc(Br)cc3F)c2c1,train
CN(C)C=CCC(=O)Nc1ccc2ncc(C#N)c(Nc3ccc(F)c(Cl)c3)c2c1,train
CCS(=O)(=O)CC(=O)NCCn1ccc2ncnc(Nc3ccc(Oc4cccc(C(F)(F)F)c4)c(Cl)c3)c21,train
CCOc1cc2ncc(C#N)c(Nc3ccc(OCc4ccco4)c(Cl)c3)c2cc1NC(=O)C=CCN(C)C,train
CCOc1cc2ncc(C#N)c(Nc3ccc(OCc4ccc(Cl)cc4)c(Cl)c3)c2cc1NC(=O)C=CCN(C)C,train
CCOc1cc2ncc(C#N)c(Nc3ccc(N(C)Cc4ccccc4)c(Cl)c3)c2cc1NC(=O)C=CCN(C)C,train
CCOc1cc2ncc(C#N)c(Nc3ccc(Cn4ccnc4)c(Cl)c3)c2cc1NC(=O)C=CCN(C)C,train
CCOC(=O)c1cn2ncnc(Nc3ccc4n[nH]cc4c3)c2c1CC,train
CCN1CCN(CCCC#Cc2c(C)ncnc2Nc2ccc(OCc3cccc(F)c3)c(Cl)c2)CC1,train
CCCN(CC#CC(=O)Nc1ccc2ncc(C#N)c(Nc3cccc(Br)c3)c2c1)CCC,train
Cc1[nH]c2ncnc(Nc3cc(Cl)cc(Cl)c3)c2c1C,train
CC(C)N(CC#CC(=O)Nc1ccc2ncc(C#N)c(Nc3cccc(Br)c3)c2c1)C(C)C,train
CC(C)c1ccc(NC(=O)c2ccc(N(CCCl)CCCl)cc2)cc1,train
C=CC(=O)NC1=CC=C2N=CN=C(Nc3ccc(Oc4ccccc4)cc3)C21,train
Brc1cccc(Nc2ncnc3cnc(NCCc4c[nH]cn4)nc23)c1,train
Oc1csc(NN=Cc2cc(F)ccc2O)n1,test
Oc1ccc(CN(Cc2cccc(Cl)c2O)C(=S)Nc2ccccc2)cc1,train
Oc1ccc(CN(Cc2cccc(Br)c2O)C(=S)Nc2ccccc2)cc1,train
NC1CCN(Cc2ccn3ncnc(Nc4cccc(Cl)c4)c23)CC1,test
Ic1cccc(Nc2ncnc3ccccc23)c1,train
COCC1CCCN1CC#CC(=O)Nc1ccc2ncc(C#N)c(Nc3cccc(Br)c3)c2c1,train
COc1cccc2sc3c(Nc4cccc(Br)c4)ncnc3c12,train
COc1ccc(C2CC(c3ccc(C)c(C)c3)=NN2C(N)=S)cc1,train
COc1cc2ncnc(Oc3cccc(Cl)c3)c2cc1OC,train
COc1cc2ncnc(C#CC(C)(O)Cc3ccccc3)c2cc1OC,train
COc1cc2ncc(C#N)c(Nc3ccc(Sc4ncccn4)c(Cl)c3)c2cc1NC(=O)C=CCN(C)C,train
COc1cc2c(Oc3ccc(NS(=O)(=O)c4cccc(-c5ccsc5)c4)cc3F)ccnc2cc1OCCCN1CCN(C)CC1,train
COc1cc2c(cc1OC)Oc1ncnc(Oc3cccc(Br)c3)c1NC2,train
COc1cc2c(cc1Nc1nc(Nc3ccsc3C(N)=O)c3cc[nH]c3n1)N(C(=O)CN(C)C)CCC2,train
COc1cc(C=C(C#N)C(N)=O)cc(Sc2nc3ccccc3s2)c1O,train
COc1cc(C=C(C#N)C(N)=O)cc(CSCc2ccccc2Cl)c1O,train
COc1cc(C=C(C#N)C(N)=O)cc(CSCc2ccccc2)c1O,train
COc1cc(C=C(C#N)C(N)=O)cc(CSc2ccccc2C(=O)O)c1O,train
COC(=O)COCc1ccn2ncnc(Nc3ccc4c(cnn4Cc4cccc(F)c4)c3)c12,train
CN1CCN(CCOc2n[nH]c3ncnc(Nc4ccc(OCc5ccccn5)c(Cl)c4)c23)CC1,train
CN(CCO)Cc1ccn2ncnc(Nc3ccc4c(cnn4Cc4cccc(F)c4)c3)c12,train
CN(C)CCCC(=O)Nc1ccc2nccc(Nc3cccc(Br)c3)c2c1,train
Clc1ccc2c(c1Nc1ncnc3cc(OCCCN4CCCC4)cc(OC4CCOCC4)c13)OCO2,train
CCOCc1cn2ncnc(Nc3ccc4c(cnn4Cc4ccccc4)c3)c2c1CC,train
CCOc1cc2ncc(C#N)c(Nc3ccc(OCc4ccccc4)c(Cl)c3)c2cc1NC(=O)C=CCN(C)CCO,train
CCOc1cc2ncc(C#N)c(Nc3ccc(OCc4cccc(Cl)c4)c(Cl)c3)c2cc1NC(=O)C=CCN(C)C,train
CCOC(=O)c1cn2ncnc(NCc3ccccc3)c2c1CC,train
CCN(CC)CC=CC(=O)Nc1cc2c(Nc3ccc(F)c(Cl)c3)ncnc2s1,train
Cc1cc2cc(Nc3ccnc4cc(-c5ccc(CNCCOCCO)cc5)sc34)ccc2[nH]1,train
CC(C)c1ccc(COC(=O)c2cc(NCc3cc(O)ccc3O)ccc2O)cc1,train
CC(C)(C)c1ccc(C(=O)CCCN2CCC(OC(c3ccccc3)c3ccccc3)CC2)cc1,train
CC#CC(=O)Nc1ccc2ncc(C#N)c(Nc3cccc(Br)c3)c2c1,train
c1ccc(Nc2ncnc3ccccc23)cc1,train
c1ccc(CNc2ncnc3ccccc23)cc1,train
C=CS(=O)(=O)N1CCc2c(sc3ncnc(NC(CO)c4ccccc4)c23)C1,train
C=CC(=O)Nc1cnc2ncc(C#N)c(Nc3cccc(Br)c3)c2c1,train
C=CC(=O)Nc1ccc2ncnc(Cc3ccc(CN(C)C)c(Br)c3)c2c1,train
C=CC(=O)Nc1cc2c(Nc3cccc(Br)c3)c(C#N)cnc2cc1OC,train
C=CC(=O)C(CCCN1CCOCC1)c1cc2c(Nc3cccc(Br)c3)ncnc2cn1,train
C=C(CN(C)C)C(=O)c1ccc(OS(=O)(=O)c2ccc(C(=O)O)cc2)cc1,train
C#Cc1cccc(Nc2ncnc3ccc(OCCCCNCCS(C)(=O)=O)cc23)c1,train
OCCN(CCO)Cc1cnc2cc3[nH]cnc(Nc4cccc(Br)c4)c3cc12,train
Oc1ccc(Nc2[nH]nc3ncnc(Nc4cccc(Cl)c4)c23)cc1,train
Oc1cc(O)c2c(O)c(-c3cccc(Cl)c3)cnc2c1,test
O=C(NS(=O)(=O)c1ccc(Cl)cc1)c1cncc(Br)c1,train
O=C(CN1CCN(CCO)CC1)Nc1cc2c(Nc3ccc(F)c(Cl)c3)ncnc2s1,train
O=C(CCI)Nc1ccc2ncnc(Nc3ccc(F)c(Cl)c3)c2c1,train
Nc1ncnc2c1c(-c1ccccc1)cn2-c1ccc(CO)cc1,train
Nc1ncnc2c1c(-c1ccc(Br)c(O)c1)nn2C1CCC1,train
NC1CCN(Cc2ccn3ncnc(Nc4cccc(Br)c4)c23)CC1,train
NC1CCN(Cc2ccn3ncnc(Nc4ccc(OCc5cnccn5)c(Cl)c4)c23)CC1,test
Nc1cc2ncnc(Nc3ccccc3)c2cn1,train
N#Cc1cnc2ccc(NC(=O)C#CCN3CCSCC3)cc2c1Nc1cccc(Br)c1,test
N#Cc1c(N)ncnc1Nc1ccc(OCc2ccccc2)c(Cl)c1,train
CS(=O)(=O)N(Cc1ccc2nc(O)c3cccn3c2c1)C1CC1,train
CS(=O)(=O)CCNCCCOc1ccc2ncnc(Nc3ccc(OCc4ccccc4)cc3)c2c1,train
COc1ccc2c(NCc3ccccc3)ncnc2c1,train
COc1ccc(Nc2ncnn3ccc(CN4CCC(N)CC4)c23)cc1Cl,train
COc1cc2ncc(C#N)c(Nc3ccc(NCNc4ccccc4)c(Cl)c3)c2cc1NC(=O)C=CCN(C)C,test
COc1cc2ncc(C#N)c(Nc3ccc(NCc4cccnc4)c(Cl)c3)c2cc1NC(=O)C=CCN(C)C,train
COc1cc2ncc(C#N)c(Nc3ccc(C(C)C)cc3)c2cc1OC,train
COc1cc2ncc(C#N)c(NC3CC3c3ccccc3)c2cc1OCc1ccccc1,train
COc1cc2ncc(C#N)c(NC3CC3c3ccc(Cl)cc3)c2cc1OC,train
COc1cc(O)c2c(O)c(-c3cccc(Cl)c3)cnc2c1,train
COC(=O)c1cc(NCc2cc(O)ccc2O)ccc1O,train
Cn1c(=O)c(-c2c(Cl)cccc2Cl)cc2cnc(Nc3cccnc3)nc21,train
CN(CCCOc1ccc2ncnc(Nc3ccc(OCc4ccccc4)cc3)c2c1)CCS(C)(=O)=O,train
CN(CC(O)C(O)C(O)C(O)CO)c1cc2ncnc(Nc3cccc(Br)c3)c2cn1,train
CN(C)CCN(C)Cc1cnc2cc3[nH]cnc(Nc4cccc(Br)c4)c3cc12,train
CN(C)C=CCC(=O)N1CCc2c(sc3ncnc(NC(CO)c4ccccc4)c23)C1,train
Clc1cccc(Nc2[nH]nc3ncnc(Nc4cccc(Br)c4)c23)c1,train
CCOc1cc2ncc(C#N)c(Nc3cccc(Br)c3)c2cc1OCC,test
CCOc1cc2ncc(C#N)c(Nc3ccc4c(ccn4Cc4ccccc4)c3)c2cc1NC(=O)C=CCN(C)C,test
CCOc1cc2ncc(C#N)c(Nc3ccc(Oc4ccccc4)c(Cl)c3)c2cc1NC(=O)C=CCN(C)C,train
CCN(CC)CCN(C)CC=CC(=O)Nc1cc2c(Nc3ccc(F)c(Cl)c3)ncnc2s1,train
CCCCN(c1ccc(OC)cc1)c1nc(C)nc2oc(C)cc12,train
Cc1ncc([N+](=O)[O-])n1CC(=O)NS(=O)(=O)c1ccc(F)cc1,train
Cc1cnc(Nc2ccc(OCCN3CCCC3)cc2)nc1Nc1cccc(S(=O)(=O)NC(C)(C)C)c1,train
Cc1cccc(Nc2ncnc3cnc(NCCN4CCOCC4)cc23)c1,train
Cc1cccc(Nc2ncnc3ccccc23)c1,train
Cc1cccc(Nc2ncnc3cc(NCCCN4CCOCC4)ncc23)c1,train
Cc1ccc(Nc2ncnn3ccc(CN4CCC(N)CC4)c23)cc1,train
Cc1cc(Nc2ncc(Cl)c(Nc3ccccc3S(=O)(=O)C(C)C)n2)c(OC(C)C)cc1C1CCNCC1,train
CC(CCOC(=O)c1cc(NCc2cc(O)ccc2O)ccc1O)CC(C)(C)C,train
CC(CCOC(=O)c1cc(NCc2cc(O)ccc2O)ccc1O)c1ccccc1,train
CC(C)CCCC(C)CCOC(=O)c1cc(NCc2cc(O)ccc2O)ccc1O,train
CC(C)(C)OC(=O)c1cc(NCc2cc(O)ccc2O)ccc1O,train
CC#CC(=O)Nc1cc2c(Nc3cccc(Br)c3)c(C#N)cnc2cc1OC,train
c1ccc(CNc2ncnc3cccnc23)cc1,train
C=CC(=O)Nc1nc2c(Cc3ccc(F)c(Cl)c3)ncnc2cc1OCCOC,train
C=CC(=O)Nc1ccc2ncnc(Nc3ccc(OCCN(C)C)c(Br)c3)c2c1,train
C=CC(=O)Nc1ccc2ncnc(Nc3ccc(F)c(Br)c3)c2n1,train
C=CC(=O)Nc1ccc2nccc(Nc3cccc(Br)c3)c2c1,train
C=CC(=O)N1CCc2c(sc3ncnc(NC(C)c4ccccc4)c23)C1,train
C=CC(=O)N(CCCN1CCOCC1)c1ccc2ncnc(Nc3cccc(Br)c3)c2c1,train
C#Cc1cccc(NC(=O)c2cc(OCCCCCCC(O)=NO)ccc2O)c1,train
Brc1cccc(Nc2ncnc3cnc(NCCCN4CCOCC4)nc23)c1,train
OCC(O)C(O)C(O)C(O)CNc1cc2ncnc(Nc3cccc(Br)c3)c2cn1,train
Oc1cccc(Nc2[nH]nc3ncnc(Nc4cccc(Cl)c4)c23)c1,train
Oc1ccc(CN(Cc2cc(Cl)cc(Cl)c2O)C(=S)Nc2ccccc2)cc1,train
O=c1oc2cc3ncnc(Nc4ccc5n[nH]cc5c4)c3cc2n1CCCN1CCOCC1,train
O=C1N=c2ncccc2=C1c1[nH]c2ncccc2c1O,train
O=c1c(-c2ccc(O)cc2)coc2cc(O)cc(O)c12,train
O=C(C=CC(=O)NCCCN1CCOCC1)Cc1cc2c(Nc3cccc(Br)c3)ncnc2cn1,train
Nc1ncnc2c1c(-c1ccc(Br)c(O)c1)nn2C1CCCC1,train
Nc1ncc(C=CC(=O)NCCCn2ccnc2)c2scc(-c3ccc(Br)cc3)c12,train
N#Cc1cnc2cc(O)c(O)cc2c1Nc1cccc(Br)c1,train
N#Cc1cnc2c(F)cc(NCc3cnc[nH]3)cc2c1Nc1ccc(F)c(Cl)c1,train
N#CC(=Cc1cc(O)c(O)c(CSCc2ccccc2)c1)C(N)=O,train
CS(=O)(=O)CCNCCCCOc1ccc2ncnc(Nc3ccc(OCc4cccc(F)c4)c(Cl)c3)c2c1,train
COCCOc1cc2ncc(C#N)c(NC3CC3c3ccccc3)c2cc1OC,train
COCC1CCCN1CC#CC(=O)Nc1ccc2ncc(C#N)c(Nc3cccc(Br)c3)c2c1,train
COc1ccc(Nc2[nH]nc3ncnc(Nc4cccc(Cl)c4)c23)cc1,train
COc1cc2ncc(C#N)c(NC3CC3c3cccc(Br)c3)c2cc1OC,train
COc1cc2ncc(C#N)c(NC3CC3c3ccc(Br)cc3)c2cc1OC,train
COc1cc2c(cc1OC)Oc1ncnc(Sc3cccc(Cl)c3)c1NC2,train
CNS(=O)(=O)c1ccccc1Nc1nc(Nc2cc(OC)c(OC)c(OC)c2)ncc1Cl,train
CN1CCN(CCCOc2n[nH]c3ncnc(Nc4ccc(OCc5ccccn5)c(Cl)c4)c23)CC1,train
CN(C)c1ccc(Nc2[nH]nc3ncnc(Nc4cccc(Cl)c4)c23)cc1,train
Clc1cc(Nc2ncnc3[nH]nc(OCCN4CCCC4)c23)ccc1OCc1ccccn1,train
CCOc1cc2ncnc(C#CC(C)(Cc3ccccc3)N3CCC(C(=O)O)CC3)c2cc1OCC,train
CCOc1cc2ncc(C#N)c(Nc3ccc(OCc4ccccc4)c(Cl)c3)c2cc1NC(=O)C=CCN1CC1C(=O)OC,train
CCOc1cc2ncc(C#N)c(Nc3ccc(OCc4ccccc4)c(Cl)c3)c2cc1NC(=O)C=Cc1cn(C)cn1,train
CCOc1cc2ncc(C#N)c(Nc3ccc(OCc4ccc(F)cc4F)c(Cl)c3)c2cc1NC(=O)C=CCN(C)C,train
CCOc1cc2ncc(C#N)c(Nc3ccc(OCc4ccc(F)cc4)c(Cl)c3)c2cc1NC(=O)C=CCN(C)C,train
CCOC(=O)c1cn2ncnc(Nc3ccc4c(cnn4Cc4ccccc4)c3)c2c1CC,train
CCOC(=O)C1C(=N)N(c2cccnc2)C2=CCCC(=O)C2C1c1c(C)nn(-c2ccc(C)cc2)c1Cl,train
CCCN(c1ccc(OC)cc1)c1nc(C)nc2oc(C)cc12,train
Cc1ncnc(Nc2ccc(OCc3cccc(F)c3)c(Cl)c2)c1C#CCCCN1CCCC1,train
Cc1nc(Nc2ncc(C(=O)Nc3c(C)cccc3Cl)s2)cc(N2CCN(CCO)CC2)n1,test
Cc1cccc(Nc2ncnc3ccc(NC(=O)NCCCl)cc23)c1,test
Cc1ccc(C2CC(c3ccc(C)c(C)c3)=NN2C(N)=S)cc1,train
Cc1cc(Nc2ncnc3[nH]nc(OCCN4CCC(O)CC4)c23)ccc1OCc1ccccn1,train
Cc1cc(C(C#N)c2ccc(Cl)cc2)c(Cl)cc1NC(=O)c1cc(I)cc(I)c1O,train
CC(Nc1ncnc2sc3c(c12)CCN(C(=O)CC=CN(C)C)C3)c1ccccc1,train
c1ccc(-c2c(-c3ccc(OCCN4CCCC4)cc3)oc3ncnc(NCCN4CCNCC4)c23)cc1,train
C=CCOc1ccc2ncnc(Nc3ccc(OCc4ccccc4)cc3)c2c1,train
C=CC(=O)Nc1ccc2ncnc(Nc3cccc(Br)c3)c2n1,train
C=CC(=O)Nc1ccc2ncc(C#N)c(Nc3cccc(Br)c3)c2c1,train
C=CC(=O)Nc1cc2c(Nc3ccc(F)c(Cl)c3)ncnc2s1,train
C=CC(=O)N(CCCN1CCOCC1)c1cc2c(Nc3cccc(Br)c3)ncnc2cn1,train
C=CC(=O)C(CCCN1CCOCC1)c1ccc2ncnc(Nc3cccc(Br)c3)c2c1,test
C=C(CN(C)C)C(=O)Nc1cc2c(Nc3ccc(OCc4ccccc4)c(Cl)c3)c(C#N)cnc2cc1OCC,train
C#Cc1cccc(Nc2ncnc3cc4oc(=O)n(CCCN5CCOCC5)c4cc23)c1,train
C#Cc1cccc(Nc2ncnc3cc(OC)c(OCCCCC(O)=NO)cc23)c1,test
C#Cc1cccc(Nc2ccnc3cc(OC)c(OC)cc23)c1,train
O=C(OCCCc1ccccc1)c1cc(NCc2cc(O)ccc2O)ccc1O,train
O=C(CCl)Nc1cc2c(Nc3ccc(F)c(Cl)c3)ncnc2s1,train
Nc1ncnc(Nc2ccc(OCc3ccccc3)c(Cl)c2)c1C(=O)OCCN1CCOCC1,train
NC1CCN(Cc2ccn3ncnc(Nc4ccccc4)c23)CC1,train
Nc1ccccc1Nc1ncnc2cc(Br)ncc12,train
Nc1cc2ncnc(NCc3ccccc3)c2cn1,train
N#Cc1cnc2ccc(-c3ccc(CN)cc3)cc2c1NC1CC1c1ccccc1,train
N#CC(=Cc1cc(O)c(O)c(Br)c1)C(=O)NCCCNC(=O)C(C#N)=Cc1cc(O)c(O)c(Br)c1,train
CS(=O)(=O)CCNCCCCOc1ccc2ncnc(Nc3ccc(S(=O)(=O)c4ccccc4)cc3)c2c1,train
CS(=O)(=O)CC(=O)NCCn1ccc2ncnc(Nc3ccc(Oc4cccc(Cl)c4)c(Cl)c3)c21,train
COc1cccc(Nc2ncnc3ccccc23)c1,train
COc1ccc(Nc2ncnc3cc4oc(=O)n(CCCN5CCOCC5)c4cc23)cc1,train
COc1cc2ncnc(Nc3cccc(Cl)c3F)c2cc1OC1CCN(C)CC1,train
COc1cc2ncnc(NC3CC3c3ccccc3)c2cc1OCCN1CCOCC1,train
COc1cc2ncnc(NC(C)c3ccc(F)cc3)c2cc1OCCCCCCC(O)=NO,train
COc1cc2ncc(C#N)c(Nc3ccc(OCc4ccccc4)cc3)c2cc1NC(=O)C=CCN(C)C,train
COc1cc2ncc(C#N)c(Nc3ccc(NCc4ccccc4)c(Cl)c3)c2cc1NC(=O)C=CCN(C)C,train
COc1cc2ncc(C#N)c(Nc3ccc(-n4ccnc4)c(Cl)c3)c2cc1NC(=O)C=CCN(C)C,train
COc1cc(Nc2ncnc3[nH]nc(OCCN4CCC(O)CC4)c23)ccc1OCc1ccccn1,train
COc1cc(Nc2ncnc3[nH]nc(OCCN4CCC(O)CC4)c23)ccc1OCc1cccc(F)c1,train
COc1cc(C=C2SC(=Nc3ccccc3)NC2=O)ccc1O,train
COC(=O)c1c(N)ncnc1Nc1ccc(OCc2ccccc2)c(Cl)c1,train
CN(C)CCCN(C)CC=CC(=O)Nc1cc2c(Nc3ccc(F)c(Cl)c3)ncnc2s1,train
CN(C)c1ccc2sc3c(Nc4cccc(Br)c4)ncnc3c2c1,train
Clc1cccc(CNc2[nH]nc3ncnc(Nc4cccc(Cl)c4)c23)c1,train
Clc1cc(Nc2ncnc3[nH]nc(OCCCN4CCOCC4)c23)ccc1OCc1ccccn1,train
CCOc1cc2ncc(C#N)c(Nc3ccc(OCc4ccccn4)c(Cl)c3)c2cc1NC(=O)C=CCN(C)C,train
CCOc1cc2ncc(C#N)c(Nc3ccc(OCc4ccccc4)c(Cl)c3)c2cc1NC(=O)C=CCN(C)C,train
CCOC(=O)c1ccc(O)c(Nc2ncnc3cc4oc(=O)n(CCCN5CCOCC5)c4cc23)c1,train
CCN1CCN(CCC=Cc2ccc3c(Nc4ccc(Sc5nccn5C)c(Cl)c4)c(C#N)cnc3c2)CC1,train
CCCN1CCC(Oc2cc(OC)cc3ncnc(Nc4ccc(F)c(Cl)c4)c23)CC1,train
Cc1ccc(Nc2ncnn3cc(C)c(C)c23)cc1O,train
CC(C)(C)ONC(=O)c1cc(NCc2cc(O)ccc2O)ccc1O,train
CC(C)(C)CCOC(=O)c1cc(NCc2cc(O)ccc2O)ccc1O,train
CC(C)(C(=O)NCCn1ccc2ncnc(Nc3ccc(Oc4cccc5sncc45)c(Cl)c3)c21)S(C)(=O)=O,train
C=S(O)(O)=CCNCCCCOc1ccc2ncnc(Nc3ccc(OCc4ccccc4)cc3)c2c1,train
C=CC(=O)Nc1nc2c(Cc3ccc(F)c(Cl)c3)ncnc2cc1OC,train
C=CC(=O)Nc1nc2c(Cc3ccc(F)c(Cl)c3)ncnc2cc1C=CCCN1CCOCC1,train
C=CC(=O)Nc1ccc2ncnc(Nc3ccc(CN(C)C)c(Br)c3)c2c1,train
C=CC(=O)Nc1cc(Nc2ncc(Cl)c(-c3c[nH]c4ccccc34)n2)c(OC)cc1N1CCN(C)CC1,train
C=CC(=O)NC1=CC=C2N=CN=C(Nc3cccc(C(F)(F)F)c3)C21,train
C#Cc1cccc(Nc2ncnc3cc4c(cc23)N(C(=O)CC=CN(CC)CC)CCO4)c1,train
Brc1cccc(Nc2ncnc3cc(NCCN4CCOCC4)ncc23)c1,train
Brc1cccc(Nc2ncnc3cc(NCCCCN4CCOCC4)ncc23)c1,train
Oc1c(Cl)cccc1CN(Cc1ccc(F)cc1)C(=S)Nc1ccccc1,train
O=c1c(-c2cccc(Cl)c2)coc2cc(O)cc(O)c12,train
O=C(Oc1cccc2ccccc12)c1cc(NCc2cc(O)ccc2O)ccc1O,train
O=C(COc1ccccc1)Nc1cccc(Oc2cc(Nc3ccc(OCc4cccc(F)c4)c(Cl)c3)ncn2)c1,test
O=C(CCl)Nc1ccc2ncnc(Nc3cccc(I)c3)c2c1,train
O=C(CCCN1CCCCC1)Nc1ccc2ncnc(Nc3cccc(Br)c3)c2c1,train
O=C(C=CCN1CCSCC1)Nc1ccc2ncnc(Nc3cccc(Br)c3)c2c1,train
O=[N+]([O-])c1ccc2sc3c(Nc4cccc(Br)c4)ncnc3c2c1,train
Nc1ncnc2c1c(-c1ccccc1)cn2-c1ccccc1,train
Nc1nc(N)c2c(Nc3cccc(Cl)c3)[nH]nc2n1,train
NC1CCN(Cc2ccn3ncnc(Nc4ccc(OCc5cccc[n+]5[O-])c(Cl)c4)c23)CC1,train
NC1CCN(Cc2ccn3ncnc(Nc4ccc(F)c(Cl)c4)c23)CC1,train
NC1CCN(Cc2ccn3ncnc(Nc4cc(Cl)cc(Cl)c4)c23)CC1,train
NC(=O)Nc1ccc2ncnc(Nc3ccc(Cl)cc3)c2c1,test
N#Cc1cnc2c(F)cc(NCc3c[nH]cn3)cc2c1Nc1ccc(F)c(Cl)c1,train
N#Cc1cnc2c(Cl)cc(NCc3c[nH]nn3)cc2c1Nc1ccc(F)c(Cl)c1,train
Fc1ccc(Nc2ncnc3sc4c(c23)CCC4)cc1F,train
CS(=O)(=O)CCNCCCCOc1ccc2ncnc(Nc3ccc(OCc4ccccc4)cc3)c2c1,test
CS(=O)(=O)CCNCc1nc(-c2ccc3ncnc(Nc4ccc(OCc5ccccc5)c(Cl)c4)c3c2)cs1,train
CONC(=O)c1cc(NCc2cc(O)ccc2O)ccc1O,test
COCCOc1cc(OC2CCOCC2)c2c(Nc3ccc(F)c(Cl)c3)ncnc2c1,test
COCCN1CCCC1C#Cc1cc2ncnc(Nc3ccc(OCc4cccc(F)c4)c(Cl)c3)c2s1,train
COC1CNCCN(Cc2ccn3ncnc(Nc4ccc5c(cnn5Cc5cccc(F)c5)c4)c23)C1,train
COc1ccc2c(Nc3ccccc3)ncnc2c1,train
COc1ccc2c(NC3CC3c3ccccc3)c(C#N)cnc2c1,train
COc1cc2ncnc(NCc3ccc(F)cc3)c2cc1OC,train
COc1cc2ncnc(N=Nc3ccc(F)c(Cl)c3)c2cc1OC,train
COc1cc2ncnc(C#CCCc3ccccc3)c2cc1OC,train
COc1cc2ncnc(C#CC(C)(C)Cc3ccccc3)c2cc1OC,train
COc1cc2ncc(C#N)c(Nc3ccc(Cc4nc(-c5ccccc5)cs4)c(Cl)c3)c2cc1NC(=O)C=CCN(C)C,train
COc1cc2ncc(C#N)c(NC3CC3c3ccccc3)c2cc1OC,train
COC(=O)Cn1cc(-c2cccc(Cl)c2)c(=O)c2c(O)cc(OC)cc21,train
CNc1ccc2sc3c(Nc4cccc(Br)c4)ncnc3c2c1,train
CNc1ccc2sc3c(Nc4cccc(Br)c4)ncnc3c2c1,train
Cn1ncc2cc(Nc3ncnn4ccc(CN5CCC(N)CC5)c34)ccc21,train
Cn1ncc2c(Oc3ccc(Nc4ncnc5ccn(CCO)c45)cc3Cl)cccc21,train
CN(C)CC=CC(=O)Nc1ccc2ncnc(Nc3ccc(Br)cc3F)c2c1,train
CN(C)CC=CC(=O)Nc1ccc2ncnc(Nc3cc(Cl)c(Cl)cc3F)c2c1,train
CN(C)CC=CC(=O)Nc1cc2c(Nc3ccc(F)c(Cl)c3)ncnc2s1,test
Clc1cc(Nc2ncnc3[nH]nc(OCCN4CCOCC4)c23)ccc1OCc1ccccn1,train
CCOc1cc2ncnc(C=Cc3ccccc3)c2cc1OCC,train
CCOc1cc2ncc(C#N)c(Nc3ccc(OCc4cccnc4)c(Cl)c3)c2cc1NC(=O)C=CCN(C)C,train
CCOc1cc2ncc(C#N)c(Nc3ccc(OCc4ccccc4)cc3)c2cc1NC(=O)C=CCN(C)C,train
CCOc1cc2ncc(C#N)c(Nc3ccc(OCc4ccccc4)c(Cl)c3)c2cc1NC(=O)C=CCN(C(C)C)C(C)C,test
CCOc1cc2ncc(C#N)c(Nc3ccc(OC(C)c4ccccc4)c(Cl)c3)c2cc1NC(=O)C=CCN(C)C,train
CCOc1cc2ncc(C#N)c(Nc3cc(Cl)c(OCc4ccccc4)c(Cl)c3)c2cc1NC(=O)C=CCN(C)C,train
CCOc1cc2ncc(C#N)c(Nc3cc(Cl)c(OCc4cccc(F)c4)c(Cl)c3)c2cc1NC(=O)C=CCN(C)C,train
CCOc1cc([N+](=O)[O-])c(C(=O)Nc2ccc(OCc3ccccn3)c(Cl)c2)cc1NC(=O)C=CCN(C)C,train
CCc1c(C(=O)N(C)C)cn2ncnc(Nc3ccc4c(cnn4Cc4ccccc4)c3)c12,train
CCC(Nc1ncnc2sc3c(c12)CCN(C(=O)CC=CN(C)C)C3)c1ccccc1,train
Cc1ncnc(Nc2ccc(OCc3cccc(F)c3)c(Cl)c2)c1C=C(F)C(=O)NCCN1CCCC1,test
Cc1cccc(Nc2ncnc3cnc(NCCCN4CCOCC4)cc23)c1,train
Cc1ccc(C2=NN(c3nc(O)cs3)C(c3ccc(Br)cc3)C2)cc1,train
Cc1cc(-c2cnc(Nc3cc(Cl)cc(Cl)c3)nc2NC2CCC(N(C)C)CC2)on1,test
Cc1[nH]c2ncnc(Nc3cccc(F)c3)c2c1C,train
CC1(C)CNc2cc(NC(=O)c3cccnc3NCc3ccncc3)ccc21,train
C=S(O)(O)=CCNCc1cc(-c2cc3ncnc(Nc4ccc(OCc5cccc(F)c5)c(Cl)c4)c3s2)cs1,train
C=CS(=O)(=O)Nc1cc2c(Nc3ccc(OCc4ccccc4)c(Cl)c3)c(C#N)cnc2cc1OCC,train
C=CC(=O)Nc1cccc(N2C(=O)N(C)Cc3cnc(Nc4ccc(N5CCN(C)CC5)cc4OC)nc32)c1,train
C=CC(=O)Nc1ccc2ncnc(Nc3ccc(C(C)(C)C)cc3)c2c1,train
C=CC(=O)Nc1ccc2ncnc(Cc3ccc(F)c(Br)c3)c2c1,train
C=CC(=O)NC1=NC=C2N=CN=C(Nc3ccc(F)c(Cl)c3)C21,train
C#Cc1cccc(Nc2ncnn3ccc(CN4CCC(N)CC4)c23)c1,train
Brc1cccc(Nc2ncnc3cc(NCCc4c[nH]cn4)ncc23)c1,train
OC1CCN(CCOc2n[nH]c3ncnc(Nc4ccc(OCc5ccccn5)c(Cl)c4)c23)CC1,train
OC1CCN(CCCOc2n[nH]c3ncnc(Nc4ccc(OCc5ccccn5)c(Cl)c4)c23)CC1,test
Oc1ccc2ncnc(Nc3ccc(OCc4ccccc4)cc3)c2c1,train
Oc1cc2cc(-c3cccnc3)cnc2cc1O,train
O=C(C=CC(=O)Nc1cc2c(Nc3cccc(Br)c3)ncnc2cn1)NCCCN1CCOCC1,train
O=C(C#CCN1CCSCC1)Nc1ccc2ncnc(Nc3cccc(Br)c3)c2c1,train
NCCOCc1ccn2ncnc(Nc3ccc4c(cnn4Cc4cccc(F)c4)c3)c12,train
NCCCCOCc1ccn2ncnc(Nc3ccc4c(cnn4Cc4cccc(F)c4)c3)c12,train
Nc1ncnc2c1c(-c1cccc(Cl)c1)cn2-c1ccccc1,train
Nc1ncnc(Nc2ccc3c(cnn3Cc3cccc(F)c3)c2)c1C=NO,train
Nc1ncnc(Nc2ccc3c(cnn3Cc3cccc(F)c3)c2)c1C=NN1CCN(CCO)CC1,train
NC1CCN(Cc2ccn3ncnc(Nc4cccc(F)c4)c23)CC1,train
Nc1ccc2ncnc(Nc3ccccc3)c2c1,train
Nc1ccc2c(Nc3cccc(C(F)(F)F)c3)ncnc2c1,train
Nc1ccc2c(c1)C(c1ccccc1Cl)=Nc1c[nH]nc1N2,train
NC(Cc1c[nH]c2ccccc12)C(=O)NCc1ccccc1,train
N#Cc1cnc2c(Br)cc(NCc3c[nH]nn3)cc2c1Nc1ccc(F)c(Cl)c1,train
Fc1ccc(-c2nn3ccccc3c2-c2ccncc2)cc1,train
CS(=O)c1ccc(-c2nc(-c3ccc(F)cc3)c(-c3ccncc3)[nH]2)cc1,train
COCCOCc1ccn2ncnc(Nc3ccc4c(cnn4Cc4cccc(F)c4)c3)c12,train
COC1CCN(CCOc2n[nH]c3ncnc(Nc4ccc(OCc5ccccn5)c(Cl)c4)c23)CC1,train
COc1cccc(CNc2ncnc3c2NCc2cc(OC)c(OC)cc2N3)c1,train
COc1ccc2ncnc(Nc3ccc(F)c(Cl)c3)c2c1OC1CCN(C)CC1,train
COc1ccc2ncc(C#N)c(NC3CC3c3ccccc3)c2c1,train
COc1ccc(N(CCNN=Nc2ccc3ncnc(Nc4cccc(Cl)c4)c3c2)CC(C)Cl)cc1,train
COc1cc2ncnc(NCc3cccc(C)c3)c2cc1OC,train
COc1cc2ncnc(NC3CC3c3ccccc3)c2cc1O,train
COc1cc2ncc(C#N)c(NC3CC3c3ccccc3F)c2cc1OC,train
COC(CN(C)CC=CC(=O)Nc1cc2c(Nc3ccc(F)c(Cl)c3)ncnc2s1)OC,train
CN1CCC(Oc2cccc3ncnc(Nc4ccc(F)c(Cl)c4)c23)CC1,test
Cn1c(=O)c(-c2c(Cl)cccc2Cl)cc2cnc(NCCCCCC(=O)O)nc21,train
Cn1c(=O)c(-c2c(Cl)cccc2Cl)cc2cnc(Nc3ccccc3)nc21,train
Cn1c(=O)c(-c2c(Cl)cccc2Cl)cc2cnc(Nc3cccc(Br)c3)nc21,train
Cn1c(=O)c(-c2c(Cl)cccc2Cl)cc2cnc(Nc3ccc(F)cc3)nc21,test
CN(C)CCCOCc1ccn2ncnc(Nc3ccc4c(cnn4Cc4cccc(F)c4)c3)c12,train
CN(C)C=CCC(=O)N1CCOc2cc3ncnc(Nc4cccc(Br)c4)c3cc21,train
CCOc1cc2ncnc(C#Cc3cn[nH]c3-c3ccc(F)cc3)c2cc1OCC,train
CCOc1cc2ncnc(C#CC(C)(Cc3ccccc3)N3CCC(C(=O)O)CC3)c2cc1OCC,train
CCOc1cc2ncc(C#N)c(Nc3ccc4c(ccn4S(=O)(=O)c4ccccc4)c3)c2cc1NC(=O)C=CCN(C)C,train
CCOc1cc2ncc(C#N)c(Nc3ccc(OCc4ccccc4Cl)c(Cl)c3)c2cc1NC(=O)C=CCN(C)C,train
CCOc1cc2ncc(C#N)c(Nc3ccc(OCc4ccccc4)c(Cl)c3)c2cc1NC(=O)C=CCN1CCC(O)(O)CC1,train
CCOc1cc2ncc(C#N)c(Nc3ccc(OCc4cccc(C#N)c4)c(Cl)c3)c2cc1NC(=O)C=CCN(C)C,train
CCOc1cc2ncc(C#N)c(Nc3ccc(NCc4ccccc4)c(Cl)c3)c2cc1NC(=O)C=CCN(C)C,train
CCN(CC)CCCCNc1ncc2cc(-c3c(Cl)cccc3Cl)c(NC(=O)Nc3ccccc3)nc2n1,train
CCc1c(C(=O)OCCCn2ccnc2)cn2ncnc(Nc3ccc4c(cnn4Cc4ccccc4)c3)c12,train
Cc1ncnc(Nc2ccc(OCc3cccc(F)c3)c(Cl)c2)c1C#CC=NOCCN1CCOCC1,train
Cc1nc(Nc2cccc(Br)c2)c2cc(NCCN3CCOCC3)ncc2n1,test
Cc1cccc(Nc2ncnn3ccc(CN4CCC(N)CC4)c23)c1,train
Cc1cccc(Nc2ncnc3cc(NCCCn4ccnc4)ncc23)c1,train
Cc1cccc(Nc2ncnc3cc(NCCCN4CCN(C)CC4)ncc23)c1,test
Cc1cccc(Nc2ncnc3cc(NCCc4cnc[nH]4)ncc23)c1,test
Cc1ccc2[nH]c(=O)c(=NNc3ccccc3)cnc2c1,train
Cc1ccc(C2=NN(C(N)=S)C(c3ccc(O)cc3)C2)cc1C,train
Cc1[nH]c2ncnc(Nc3cccc(C#N)c3)c2c1C,train
CC(=Cc1c(C)ncnc1Nc1ccc(OCc2cccc(F)c2)c(Cl)c1)C(=O)NCCN1CCOCC1,test
C=S(O)(O)=CCN(C)CCCOc1ccc2ncnc(Nc3ccc(OCc4ccccc4)cc3)c2c1,train
C=CC(=O)Nc1nc2c(Cc3ccc(F)c(Cl)c3)ncnc2cc1OCCCN1CCC(C)CC1,train
C=CC(=O)Nc1nc2c(Cc3ccc(F)c(Cl)c3)ncnc2cc1CCCCN1CCOCC1,test
C=CC(=O)Nc1ccc2ncnc(Nc3cccc(C)c3)c2c1,train
C=CC(=O)Nc1ccc2ncnc(Nc3ccc(F)c(Cl)c3)c2n1,train
C=CC(=O)Nc1ccc2ncnc(Cc3ccc(F)c(Cl)c3)c2n1,test
C=CC(=O)Nc1cc2c(Nc3ccc(OCc4ccccn4)c(Cl)c3)c(C#N)cnc2cc1OCC,train
C=CC(=O)NC1=NC=C2N=CN=C(Nc3ccc(F)c(Br)c3)C21,train
OCc1ccc(-c2cc3ncnc(Nc4ccc(OCc5cccc(F)c5)c(Cl)c4)c3s2)o1,train
Oc1ccc(-c2[nH]nc3ncnc(Nc4cccc(Cl)c4)c23)cc1,train
O=C1NCc2ccc(Oc3ccc(Nc4ncnc5ccn(CCO)c45)cc3Cl)cc21,train
O=C1Cc2cccc(Oc3ccc(Nc4ncnc5ccn(CCO)c45)cc3Cl)c2N1,train
O=C1C=CC(c2nc(-c3ccc(F)cc3)c(-c3ccncc3)[nH]2)=CC1,train
O=C(OCCCCc1ccccc1)c1cc(NCc2cc(O)ccc2O)ccc1O,train
O=C(Oc1cccc(O)c1)c1cc(NCc2cc(O)ccc2O)ccc1O,train
O=C(NCCCCOc1ccc2ncnc(Nc3ccc(OCc4ccccc4)cc3)c2c1)C(F)(F)F,train
O=C(NC(=S)Nc1ccc(O)c(-c2nc3ccccc3s2)c1)c1ccc([N+](=O)[O-])cc1,train
O=C(Cn1sccc1=O)Nc1ccc2ncnc(Nc3cccc(Br)c3)c2c1,train
O=C(CCl)Nc1ccc2ncnc(Nc3cc(Cl)c(Cl)cc3F)c2c1,train
O=C(C=CN1CCOCC1)Nc1ccc2ncnc(Nc3cccc(Br)c3)c2c1,train
O=C(C=CCN1CCOCC1)Nc1ccc2ncnc(Nc3cccc(Br)c3)c2c1,train
Nc1ncnc2c1c(-c1ccc(Cl)c(O)c1)nn2C1CCCC1,train
Nc1ccccc1C#Cc1cncnc1Nc1ccc(OCc2cccc(F)c2)c(Cl)c1,train
Nc1ccc2ncnc(Nc3cccc(C(F)(F)F)c3)c2c1,train
CS(=O)(=O)CCNCC=CC(=O)Nc1cc2c(Nc3ccc(F)c(Cl)c3)ncnc2s1,test
CS(=O)(=O)CCC(=O)Nc1cccc(C#Cc2cncnc2Nc2ccc(OCc3cccc(F)c3)c(Cl)c2)c1,train
CS(=O)(=O)CC(=O)NCCn1ccc2ncnc(Nc3ccc(Oc4cccc(C(F)(F)F)c4)c(Cl)c3)c21,train
CON=Cc1c(N)ncnc1Nc1ccc(OCc2ccccc2)c(Cl)c1,train
COCc1ccn2ncnc(Nc3ccc4c(cnn4Cc4cccc(F)c4)c3)c12,train
COCC1CCCN1N=Cc1c(N)ncnc1Nc1ccc2c(cnn2Cc2cccc(F)c2)c1,train
COc1ccc(Oc2nc3ccccc3cc2C=NNC(=O)Cn2c([N+](=O)[O-])cnc2C)cc1,test
COc1ccc(-c2nc3cc(-c4csc(C(=O)NCCC(C)C)c4)cnc3[nH]2)cc1,train
COc1ccc(-c2[nH]nc3ncnc(Nc4cccc(Cl)c4)c23)cc1,train
COc1cc2ncnc(NC3CC3c3ccccc3)c2cc1OC(C)=O,test
COc1cc(OC2CCOC2)c2c(Nc3ccc(F)c(Cl)c3)ncnc2c1,train
COc1cc(O)c2c(=O)c(-c3cccc(Cl)c3)cn(C)c2c1,train
COc1cc(Nc2c(C#N)cnc3cc(-c4coc(CN5CCN(C)CC5)c4)c(OC)cc23)c(Cl)cc1Cl,train
COc1cc(Nc2c(C#N)cnc3cc(C#CCCN4CCN(C)CC4)c(OC)cc23)c(Cl)cc1Cl,test
COc1cc(N2CCN(C(C)C)CC2)ccc1Nc1nc(Nc2ccc(F)cc2C(=O)NCC(O)CO)c2cc[nH]c2n1,train
COc1cc(-c2nc3ccccc3s2)ccc1Nc1ncnc2cc(OC)c(OC)cc12,train
CN1CCN(CCCNc2ncc3cc(-c4c(Cl)cccc4Cl)c(NC(=O)NC(C)(C)C)nc3n2)CC1,train
CN1CCC(Nc2ncc3ncnc(Nc4ccc(F)c(Cl)c4)c3n2)CC1,train
CN1CCC(c2c(O)cc(O)c3c(=O)cc(-c4ccccc4Cl)oc23)C(O)C1,train
CN(CCNN=Nc1ccc2ncnc(Nc3cccc(Cl)c3)c2c1)CCNS(=O)(=O)c1cccc2c(N(C)C)cccc12,train
Clc1cccc(Nc2nc[nH]c3nnc(Nc4cccc(Cl)c4)c2-3)c1,train
Clc1cccc(Nc2[nH]cnc3nc4ccccc4c2-3)c1,train
Clc1cccc(Nc2[nH]cnc3nc4c(c2-3)CCCC4)c1,train
Clc1cc(NC2CCCCC2)nc(-c2c[nH]c3ncccc23)n1,train
CCOc1ccc(-c2nn(C3CCCC3)c3ncnc(N)c23)cc1O,train
CCOc1cc2ncnc(C#Cc3nccn3-c3ccccc3)c2cc1OCC,train
CCOc1cc2ncnc(C#CC(C)(Cc3ccccc3)N3CCC(C(=O)O)CC3)c2cc1OCC,train
CCOc1cc2ncc(C#N)c(Nc3ccc4c(c3)CCN4Cc3ccccc3)c2cc1NC(=O)C=CCN(C)C,train
CCOc1cc2ncc(C#N)c(Nc3ccc(OCc4ccccc4OC)c(Cl)c3)c2cc1NC(=O)C=CCN(C)C,test
CCOc1cc2ncc(C#N)c(Nc3ccc(OCc4ccccc4)c(Cl)c3)c2cc1NC(=O)C=CCN1CCCC1COC,train
CCOc1cc2ncc(C#N)c(Nc3ccc(OCc4ccccc4)c(Cl)c3)c2cc1NC(=O)C=CCN1CCCC1,train
CCOc1cc2ncc(C#N)c(Nc3ccc(OCc4ccccc4)c(Cl)c3)c2cc1NC(=O)C=CCN1C(C)CCCC1C,test
CCOc1cc2ncc(C#N)c(Nc3ccc(OCc4ccccc4)c(Cl)c3)c2cc1NC(=O)C=CCN(CC(C)O)CC(C)O,train
CCOc1cc2ncc(C#N)c(Nc3ccc(OCc4cccc(F)c4)c(Cl)c3)c2cc1NC(=O)C=CCN(C)C,train
CCOc1cc2ncc(C#N)c(Nc3ccc(OCc4cc(F)cc(F)c4)c(Cl)c3)c2cc1NC(=O)C=CCN(C)C,train
CCOc1cc2ncc(C#N)c(Nc3ccc(OC4CCc5ccccc54)c(Cl)c3)c2cc1NC(=O)C=CCN(C)C,train
CCOC(=O)N1CCN(CCC(=O)Nc2cccc(Oc3nc(Nc4ccc(N5CCN(C)CC5)cc4OC)ncc3Cl)c2)CC1,test
CCOC(=O)c1cn2ncnc(Nc3ccc4c(cnn4Cc4ccccc4)c3)c2c1C(C)C,train
CCOC(=O)c1cn2ncnc(Nc3ccc4[nH]ncc4c3)c2c1CC,train
CCOC(=O)C1C(=N)N(c2cccnc2)C2=CC(C)(C)CC(=O)C2C1c1c(C)nn(-c2ccc(C)cc2)c1Cl,train
CCN1CCN(CC=CC(=O)Nc2cc3c(Nc4ccc(F)c(Cl)c4)ncnc3s2)CC1,train
CCN(CC)CCNC(=O)c1cc(C)c(C=C2C(=O)Nc3ncnc(Nc4ccc(Cl)cc4F)c32)[nH]1,train
CCc1c(CO)cn2ncnc(Nc3ccc4c(cnn4Cc4ccccc4)c3)c12,train
Cc1ncnc(Nc2ccc(OCc3cccc(F)c3)c(Cl)c2)c1C=CC(=O)NCCN1CCOCC1,test
Cc1nc2ccccc2[nH]c(=O)c1=NNc1ccccc1,train
Cc1ccccc1Nc1ncnn2ccc(CN3CCC(N)CC3)c12,train
Cc1ccc(Nc2ncnc3cc4oc(=O)n(CCCN5CCOCC5)c4cc23)cc1,test
Cc1ccc(Nc2[nH]cnc3nc4c(c2-3)CCCC4)cc1,train
Cc1c(C(=O)NCCCN2CCN(C)CC2)nc2cn[nH]c(Nc3ccc(OCc4cccc(F)c4)c(Cl)c3)c1-2,train
CC(C(=O)NCCn1ccc2ncnc(Nc3ccc(Oc4cccc(Cl)c4)c(Cl)c3)c21)S(C)(=O)=O,train
CC(=O)c1cc(NCc2c[nH]cn2)cc2c(Nc3ccc(F)c(Cl)c3)c(C#N)cnc12,train
C=S(O)(O)=CCNCCCCOc1ccc2ncnc(Nc3ccc(OCc4cccc(F)c4)c(Cl)c3)c2c1,train
C=CC(=O)Nc1cccc(Oc2cc(Nc3ccc(OCc4cccc(F)c4)c(Cl)c3)ncn2)c1,train
C=CC(=O)Nc1ccc2ncnc(Nc3cccc(Cl)c3)c2c1,train
C=CC(=O)Nc1cc2nc[nH]c(Nc3ccc(F)c(Br)c3)c-2n1,test
C=CC(=O)Nc1cc2c(Nc3cc(Cl)c(Cl)cc3F)ncnc2cc1N1CCN(C)CC1,train
C=CC(=O)NC1=CC=C2N=CN=C(Nc3cccc(Cl)c3)C21,train
C=CC(=O)N(C)c1nc2c(Cc3ccc(F)c(Cl)c3)ncnc2cc1OCCCN1CCOCC1,train
C#Cc1cccc(Nc2ncnc3cc4c(cc23)N(C(=O)CC=CN2CCOCC2)CCO4)c1,train
C#Cc1cccc(Nc2ncnc3cc4c(cc23)N(C(=O)CC=CN2CCCC2)CCO4)c1,train
C#Cc1cccc(Nc2ncnc3cc(OCCCCCCC(O)=NO)c(OC)cc23)c1,train
C#Cc1cccc(Nc2ncnc3cc(OC)c(OCCCCCCC(O)=NO)cc23)c1,train
Brc1cccc(Nc2ncnc3ccc(NN=NCCN4CCOCC4)cc23)c1,train
[O-][N+]1(CCCNc2cc3ncnc(Nc4cccc(Br)c4)c3cn2)CCOCC1,train
OCc1ccc(C#Cc2cncnc2Nc2ccc(OCc3cccc(F)c3)c(Cl)c2)o1,train
OCC(Nc1ncnc2sc3c(c12)CCCC3)c1ccccc1,train
Oc1ccc(CN(Cc2cc(Br)cc(Br)c2O)C(=S)Nc2ccccc2)cc1,test
Oc1ccc(-c2nc(-c3ccc(F)cc3)c(-c3ccncc3)[nH]2)cc1,train
Oc1c(Br)cccc1CN(Cc1ccc(F)cc1)C(=S)Nc1ccccc1,train
O=C1Cc2cc(Oc3ccc(Nc4ncnc5ccn(CCO)c45)cc3Cl)ccc2N1,train
O=C(CCN1CCOCC1)Nc1ccc2ncnc(Nc3cccc(Br)c3)c2c1,train
O=C(CCN1Cc2cc3c(Nc4cccc(Br)c4)ncnc3cc21)N1CCOCC1,train
O=C(CC=CNCc1ncccn1)Nc1cc2c(Nc3ccc(F)c(Cl)c3)ncnc2s1,train
O=C(CC=CN1CCOCC1)N1CCOc2cc3ncnc(Nc4cccc(Br)c4)c3cc21,train
O=C(CC=CN1CCOCC1)N1CCc2c(sc3ncnc(NC(CO)c4ccccc4)c23)C1,train
O=C(C=CCNCc1ncccn1)Nc1cc2c(Nc3ccc(F)c(Cl)c3)ncnc2s1,train
O=C(C#CCN1CCOCC1)Nc1ccc2ncnc(Nc3cccc(Br)c3)c2c1,train
O=[N+]([O-])c1cccc2c1sc1c(Nc3cccc(Br)c3)ncnc12,train
NCc1cccc(C#Cc2cncnc2Nc2ccc(OCc3cccc(F)c3)c(Cl)c2)n1,train
Nc1ncnc2c1c(-c1ccc(F)c(O)c1)nn2C1CCCCCC1,train
Nc1ncnc2c1c(-c1ccc(F)c(O)c1)nn2C1CCCC1,train
Nc1ncnc2c1c(-c1cc(O)cc(F)c1)nn2C1CCCC1,train
Nc1ncnc(Nc2ccc3c(cnn3Cc3cccc(F)c3)c2)c1C=NN1CCCCC1,train
Nc1nc(-c2ccc(F)cc2)c(-c2ccc3ncccc3n2)s1,train
NC1CCN(Cc2ccn3ncnc(Nc4ccc(OCc5ccccn5)c(Cl)c4)c23)CC1,train
Nc1cccc2c1sc1c(Nc3cccc(Br)c3)ncnc12,train
Nc1ccc(-c2nn(C3CCCC3)c3ncnc(N)c23)cc1O,test
N#CC(=Cc1cc(Cc2ccccc2)c(O)c(Cc2ccccc2)c1)C(N)=O,train
Fc1cccc(Nc2ncnc3ccccc23)c1,train
Fc1cccc(Cn2ncc3cc(Nc4ncnn5ccc(COCC6CCCNC6)c45)ccc32)c1,train
FC(F)(F)c1cccc(Nc2ncnc3ccccc23)c1,train
CS(=O)(=O)CCNC(=O)NCc1cccc(C#Cc2cncnc2Nc2ccc(OCc3cccc(F)c3)c(Cl)c2)n1,train
COCCON=Cc1c(N)ncnc1Nc1ccc2c(cnn2Cc2cccc(F)c2)c1,train
COCC1CCCN1N=Cc1c(N)ncnc1Nc1ccc2c(cnn2Cc2cccc(F)c2)c1,train
COCC1CCCN1CC=CC(=O)Nc1ccc2ncnc(Nc3cccc(Br)c3)c2c1,train
COCC1CCCN1CC#CC(=O)Nc1ccc2ncnc(Nc3cccc(Br)c3)c2c1,train
COc1cccc2c1Nc1cc(Nc3ccncc3)ccc1C(=O)N2,train
COc1cccc(Nc2[nH]nc3ncnc(Nc4cccc(Cl)c4)c23)c1,train
COc1cccc(Nc2[nH]cnc3nc4c(c2-3)CCCC4)c1,train
COc1cccc(CNc2[nH]nc3ncnc(Nc4cccc(Cl)c4)c23)c1,train
COc1ccc2ncnc(Nc3ccc(OCc4ccccc4)cc3)c2c1,train
COc1ccc(-c2nc3cc(-c4csc(C(=O)NCC(C)(C)C)c4)cnc3[nH]2)cc1,train
COc1cc2ncc(C#N)c(Nc3ccc4c(cnn4Cc4ccccc4)c3)c2cc1NC(=O)C=CCN(C)C,train
COc1cc2ncc(C#N)c(NC3CC3c3ccc(Oc4ccccc4)cc3)c2cc1OC,test
COc1cc2c(N3CCN(C(=O)Nc4ccc(OC(C)C)cc4)CC3)ncnc2cc1OCCCN1CCCCC1,train
COc1cc(OC2CCN(C)CC2)c2c(Nc3ccc(F)c(Cl)c3)ncnc2c1,train
COc1cc(OC2CCN(C(C)=O)CC2)c2c(Nc3ccc(F)c(Cl)c3)ncnc2c1,train
CNC(=O)COc1ccc(Nc2nc(Nc3ccc(C)c(S(N)(=O)=O)c3)ncc2F)cc1,train
CN1CCN(CCCNc2ncc3cc(-c4c(Cl)cccc4Cl)c(NC(=O)NCc4ccccc4)nc3n2)CC1,train
CN1CCN(CCCCNc2ncc3cc(-c4c(Cl)cccc4Cl)c(=O)n(C)c3n2)CC1,train
CN1CCN(c2ccc3nc(C4C(=O)N=c5cccc(F)c5=C4N)[nH]c3c2)CC1,train
Cn1c2ccccc2c2c3c(O)[nH]cc3c3c4ccccc4n(CCC#N)c3c21,train
Cn1c(=O)c(-c2c(Cl)cccc2Cl)cc2cnc(Nc3cccc(CO)c3)nc21,test
Clc1cccc(Nc2[nH]nc3ncnc(Nc4ccccc4)c23)c1,train
Clc1cc(Nc2ncnc3[nH]nc(OCCN4CCNCC4)c23)ccc1OCc1ccccn1,train
CCOc1cc2ncc(C#N)c(Nc3ccc(Sc4nc(-c5ccccc5)cs4)c(Cl)c3)c2cc1NC(=O)C=CCN(C)C,train
CCOc1cc2ncc(C#N)c(Nc3ccc(OCc4ccccc4F)c(Cl)c3)c2cc1NC(=O)C=CCN(C)C,train
CCOc1cc2ncc(C#N)c(Nc3ccc(OCc4cccc(C)c4)c(Cl)c3)c2cc1NC(=O)C=CCN(C)C,test
CCOc1cc2ncc(C#N)c(Nc3ccc(OC4CCc5ccccc54)c(Cl)c3)c2cc1NC(=O)C=CCN(C)C,train
CCOc1cc(N)c(C(=O)Nc2ccc(F)c(Cl)c2)cc1NC(=O)c1ccc(CN2CCN(C)CC2)cc1,train
CCOC(=O)CCCc1ccc(Nc2ncc3cc(-c4c(Cl)cccc4Cl)c(=O)n(C)c3n2)cc1,train
CCN(CCO)CCCOc1ccc2c(Nc3cccc(NC(=O)Nc4ccc(F)c(Cl)c4)c3)ncnc2c1,test
Cc1ncnc(Nc2ccc(OCc3cccc(F)c3)c(Cl)c2)c1C=NOCCCN1CCOCC1,train
Cc1ncnc(Nc2ccc(OCc3cccc(F)c3)c(Cl)c2)c1C=C(F)C(=O)NCCS(C)(=O)=O,test
Cc1ncnc(Nc2ccc(OCc3cccc(F)c3)c(Cl)c2)c1C#CCCNCc1ccccc1,train
Cc1ncnc(Nc2ccc(OCc3cccc(F)c3)c(Cl)c2)c1C#Cc1ncc(CN2CCCC2)s1,train
Cc1ncc([N+](=O)[O-])n1CCOC(=O)C=Cc1ccc(-c2ccccc2)cc1,train
Cc1nc(N)sc1-c1ccnc(Nc2ccc(N3CCOCC3)cc2)n1,train
Cc1cc2cc(Nc3ccnc4cc(-c5ccc(CN(C)CCO)cc5)sc34)ccc2[nH]1,train
Cc1c(C(=O)NCCN2CCOCC2)[nH]c2cnnc(Nc3ccc(OCc4ccccn4)c(Cl)c3)c12,train
Cc1[nH]c2ncnc(Nc3cccc(Cl)c3)c2c1C,train
CC(C)CON=Cc1c(N)ncnc1Nc1ccc2c(cnn2Cc2cccc(F)c2)c1,train
CC(C)c1nsc(C(=O)Nc2ccc3ncnc(Nc4cccc(Br)c4)c3c2)n1,train
CC(C)(C)S(=O)(=O)CC(=O)NCCn1ccc2ncnc(Nc3ccc(Oc4cccc(C(F)(F)F)c4)c(Cl)c3)c21,train
CC(C)(C)NC(=O)Nc1nc2nc(N)ncc2cc1-c1c(Cl)cccc1Cl,train
CC(C)(C(=O)NCCn1ccc2ncnc(Nc3ccc(Oc4cccc(Cl)c4)c(Cl)c3)c21)S(C)(=O)=O,train
CC(=O)N(C)N=Nc1ccc2ncnc(Nc3cccc(C)c3)c2c1,train
c1csc(-c2cc3nccc(Nc4ccc5[nH]ccc5c4)c3s2)c1,test
c1ccc(Nc2nc[nH]c3nnc(Nc4ccccc4)c2-3)cc1,train
C=S(O)(O)=CCNC(=O)C1=Cc2c(ncnc2Nc2ccc(Oc3cccc4sccc34)c(Cl)c2)NCC1,train
C=S(O)(O)=CCC(=O)Nc1cccc(C#Cc2cncnc2Nc2ccc(OCc3cccc(F)c3)c(Cl)c2)c1,train
C=CC(=O)Nc1cccc(Nc2cc(Nc3cccc(Br)c3)ncn2)c1,train
C=CC(=O)Nc1ccc2ncnc(Nc3cc(Cl)c(Cl)cc3F)c2c1,train
C=CC(=O)Nc1ccc2c(Nc3cccc(C)c3)ncnc2c1,train
C=C1C=C(N2CCOCC2)Cc2nc(-c3c(NCC(O)c4cccc(Cl)c4)ccnc3O)[nH]c21,train
C#Cc1cncnc1Nc1ccc(OCc2cccc(F)c2)c(Cl)c1,train
C#Cc1cccc(Nc2ncnc3cc4c(cc23)N(C(=O)CC=CN(C)C)CCO4)c1,train
Brc1cccc(Nc2ncnc3ccc4cc[nH]c4c23)c1,train
Brc1cccc(Nc2ncnc3ccc4[nH]cnc4c23)c1,test
Brc1cccc(Nc2ncnc3ccc(NCc4ccc5c(c4)OCCCO5)cc23)c1,train
Brc1cccc(Nc2ncnc3cc4[nH]cc(CN5CCOCC5)c4cc23)c1,train
Brc1cccc(Nc2ncnc3c2sc2ncccc23)c1,test
Brc1cccc(Nc2ncnc3c2sc2ccccc23)c1,train
Brc1cccc(Nc2[nH]cnc3nc4c(c2-3)CCCC4)c1,train
Brc1cccc(Nc2[nH]cnc3ccc4ccnc4c23)c1,train
Brc1cccc(Nc2[nH]cnc3cc4nnnc4cc23)c1,train
Brc1cccc(Nc2[nH]cnc3cc4nncc4cc23)c1,train
OCCn1ccc2ncnc(Nc3ccc(Oc4cccc5c[nH]c(O)c45)c(Cl)c3)c21,train
OC1CCC(Nc2nc(Cl)cc(-c3c[nH]c4ncccc34)n2)CC1,train
O=CC(O)N1CCC(c2n[nH]c(-c3ccc(Cl)cc3F)c2-c2ccncn2)CC1,train
O=c1oc2cc3ncnc(Nc4ccc(OCc5ccccc5)cc4)c3cc2n1CCCN1CCOCC1,train
O=C1Cc2c([nH]c3ccc([N+](=O)[O-])cc23)-c2ccccc2N1,train
O=C(OC1CNC(C#Cc2cc3ncnc(Nc4ccc(OCc5cscn5)c(Cl)c4)c3s2)C1)N1CCOCC1,train
O=C(O)c1cc(NCc2cc(O)ccc2O)ccc1O,train
O=C(Nc1ccc2ncnc(Nc3cccc(Br)c3)c2c1)C1OC1CN1CCCCC1,train
O=C(CN1CCC(CCO)CC1)Nc1cc2c(Nc3ccc(F)c(Cl)c3)ncnc2s1,train
O=C(CCCN1Cc2cc3c(Nc4cccc(Br)c4)ncnc3cc21)N1CCOCC1,train
O=C(Cc1c[nH]c2cc3ncnc(Nc4cccc(Br)c4)c3cc12)N1CCOCC1,train
O=C(C#CCN1CCOCC1)Nc1ccc2ncnc(Nc3ccc(F)c(Cl)c3)c2c1,train
O=[N+]([O-])c1cccc(-c2[nH]nc3ncnc(Nc4cccc(Cl)c4)c23)c1,train
NCCCOCc1ccn2ncnc(Nc3ccc4c(cnn4Cc4cccc(F)c4)c3)c12,train
Nc1ncnc2c1c(-c1cnc3[nH]ccc3c1)nn2C1CCCC1,train
Nc1ncnc2c1c(-c1ccccc1)cn2-c1cccc(CO)c1,test
Nc1ncnc2c1c(-c1ccccc1)cn2C(CO)Cc1ccccc1,train
Nc1ncnc(Nc2ccc3c(cnn3Cc3cccc(F)c3)c2)c1C=NN1CCOCC1,train
Nc1ncnc(Nc2ccc(OCc3ccccc3)c(Cl)c2)c1C=O,test
Nc1nccc(-c2c(-c3ccc(F)cc3)ncn2C2CCC(O)CC2)n1,test
Nc1cc2ncnc(Nc3cccc(C(F)(F)F)c3)c2cn1,train
NC(Cc1c[nH]c2ccccc12)C(=O)NCc1ccccc1,train
NC(=S)NN=C(C=Cc1ccc(OCc2ccccc2)cc1)c1ccccc1,train
NC(=O)COCc1ccn2ncnc(Nc3ccc4c(cnn4Cc4cccc(F)c4)c3)c12,train
N#Cc1ccc(-c2ccc(CSc3nnc(-c4ccc5c(c4)OCO5)o3)cc2)cc1,train
Fc1cccc(COc2ccc(Nc3ncnn4ccc(COCC5CNCCO5)c34)cc2Cl)c1,train
Fc1cccc(COc2ccc(Nc3ccncn3)cc2Cl)c1,train
Fc1ccc(Nc2ncnc3nc(NCCN4CCOCC4)sc23)cc1Cl,train
CS(=O)(=O)CCNCc1ccc(-c2cc3ncnc(Nc4ccc(OCc5cccc(F)c5)c(Cl)c4)c3s2)[nH]1,test
COc1ccc2c(c1)sc1c(Nc3cccc(Br)c3)ncnc12,train
COc1ccc(N=Cc2c(N)ncnc2Nc2ccc3c(cnn3Cc3cccc(F)c3)c2)cc1,train
COc1ccc(-c2cn(-c3ccccc3)c3ncnc(N)c23)cc1,train
COc1cc2ncnc(C#CC(C)(Cc3ccccc3)N3CCC(C(=O)O)CC3)c2cc1OC,train
COc1cc2c(cc1OC)Nc1ncnc(NCc3ccccc3)c1NC2,train
COc1cc(Nc2nccc(Nc3cnc4ccccc4c3)n2)cc(OC)c1OC,train
COc1cc(C)c(NC(=O)CN(C)C)cc1Nc1nc(Nc2cccc(F)c2C(N)=O)c2cc[nH]c2n1,train
COC(=O)N1CCCC1C#Cc1cc2ncnc(Nc3ccc(OCc4cccc(F)c4)c(Cl)c3)c2s1,train
CN1CCN(CCCOc2cc(OC3CCOCC3)c3c(Nc4ccc(F)c(Cl)c4)ncnc3c2)CC1,train
CN1CCN(CCCNc2ncc3cc(-c4c(Cl)cccc4Cl)c(NC(=O)NC4CCCCC4)nc3n2)CC1,train
CN1CCN(C=CCC(=O)N2CCc3c(sc4ncnc(NC(CO)c5ccccc5)c34)C2)CC1,train
Cn1ccc2cc(-c3nn(C4CCCC4)c4ncnc(N)c34)ccc21,train
Cn1c(=O)c(-c2c(Cl)cccc2Cl)cc2cnc(Nc3cccc(C(=O)O)c3)nc21,train
CN(C)CCn1cnc2c(Cl)c3c(Nc4cccc(Br)c4)ncnc3cc21,test
Clc1cccc(Nc2ncnc3[nH]c4ccccc4c23)c1,train
Clc1cc(Nc2ncnc3[nH]nc(OCCN4CCCCCO4)c23)ccc1OCc1ccccn1,test
CCOc1cc2ncc(C#N)c(Nc3ccc(OCc4ccccc4)c(Cl)c3)c2cc1NC(=O)C=CCN1CCN(C)CC1,train
CCOc1cc2ncc(C#N)c(Nc3ccc(OCc4ccccc4)c(Cl)c3)c2cc1NC(=O)C=CCc1c[nH]cn1,train
CCOc1cc2ncc(C#N)c(Nc3ccc(OCc4cccc5ccccc45)c(Cl)c3)c2cc1NC(=O)C=CCN(C)C,train
CCN1CCC(Oc2cc(OC)cc3ncnc(Nc4ccc(F)c(Cl)c4)c23)CC1,test
CCn1c(=O)c(-c2c(Cl)cccc2Cl)cc2cnc(Nc3ccncc3)nc21,train
CCN(CC)CC(O)CNC(=O)c1cc(C)c(C=C2C(=O)Nc3ncnc(Nc4ccc(F)c(Cl)c4)c32)[nH]1,train
CCCS(=O)(=O)CCNCc1ccc(-c2ccc3ncnc(Nc4ccc(OCc5cccc(F)c5)c(Cl)c4)c3c2)o1,test
Cc1ncnc(Nc2ccc(OCc3cccc(F)c3)c(Cl)c2)c1C#CCCN1CCOCC1,train
Cc1cccc(Nc2ncnc3cnc(NCCc4c[nH]cn4)cc23)c1,train
Cc1cccc(Nc2[nH]cnc3nnc(Nc4cccc(Cl)c4)c2-3)c1,train
Cc1ccc(NC(=O)c2ccc(CN3CCN(C)CC3)cc2)cc1Nc1nc(-c2cccnc2)cs1,train
Cc1ccc(NC(=O)C=CCN(C)C)cc1C(=O)Nc1ccc(OCc2cccc(F)c2)c(Cl)c1,train
Cc1ccc(C2=NN(C(N)=S)C(c3ccc(F)cc3)C2)cc1C,train
Cc1cc(Nc2ncnc3[nH]nc(OCCN4CCC(O)CC4)c23)ccc1OCc1cccc(F)c1,train
Cc1[nH]c2ncnc(Nc3ccc(F)cc3)c2c1C,train
CC(C)S(=O)(=O)CC(=O)NCCn1ccc2ncnc(Nc3ccc(Oc4cccc(C(F)(F)F)c4)c(Cl)c3)c21,train
CC(C)(O)C(=O)NCCn1ccc2ncnc(Nc3ccc(Oc4cccc5sncc45)c(Cl)c3)c21,train
CC(C)(C)OC(=O)Nc1ccc(-c2[nH]nc3ncnc(Nc4cccc(Cl)c4)c23)cc1,train
CC(C)(C)NC(=O)c1cccc(Oc2ccc(Nc3ncnc4ccn(CCO)c34)cc2Cl)c1,train
CC(=O)c1cc(NCc2cnc[nH]2)cc2c(Nc3ccc(F)c(Cl)c3)c(C#N)cnc12,train
C=S(O)(O)=CCNCCCOc1ccc2ncnc(Nc3ccc(OCc4ccccc4)cc3)c2c1,train
C=S(O)(O)=CCNCc1ccc(-c2cc3c(Nc4ccc(OCc5cccc(F)c5)c(Cl)c4)ncnc3s2)s1,train
C=CC(=O)Nc1ccc2ncnc(Nc3cccc(C(F)(F)F)c3)c2c1,train
C=CC(=O)Nc1ccc2ncnc(Nc3ccc(Oc4ccccc4)cc3)c2c1,train
C=CC(=O)Nc1ccc(OC)c(Nc2ncc(Cl)c(-c3c[nH]c4ccccc34)n2)c1,train
C=CC(=O)NC1=NC=C2N=CN=C(Nc3cccc(C)c3)C21,train
C=CC(=O)N1CCCC1C(=O)Nc1cc2c(Nc3ccc(F)c(Cl)c3F)ncnc2cc1OCCOC,train
C#Cc1cccc(Nc2ncnc3cc4c(cc23)N(C(=O)CC=CN2CCN(C)CC2)CCO4)c1,train
Brc1cccc(Nc2ncnc3ccc(NCc4ccc5c(c4)OCO5)cc23)c1,train
OCCNCc1ccn2ncnc(Nc3ccc4c(cnn4Cc4cccc(F)c4)c3)c12,train
OCCn1ccc2ncnc(Nc3ccc(Oc4cccc5sncc45)c(Cl)c3)c21,train
OCCn1ccc2ncnc(Nc3ccc(Oc4cccc5sccc45)c(Cl)c3)c21,test
OCCn1ccc2ncnc(Nc3ccc(Oc4cccc(C(F)(F)F)c4)c(Cl)c3)c21,train
OCc1nc(C#Cc2cncnc2Nc2ccc(OCc3cccc(F)c3)c(Cl)c2)cs1,test
OCc1ccn2ncnc(Nc3ccc4c(cnn4Cc4cccc(F)c4)c3)c12,train
Oc1cccc(Nc2[nH]cnc3nc4c(c2-3)CCCC4)c1,train
OC1CCC(Nc2cc(Cl)nc(-c3c[nH]c4ncccc34)n2)CC1,train
O=c1oc2cc3ncnc(Nc4ccc(OCc5ccc(Cl)cc5)cc4)c3cc2n1CCCN1CCOCC1,train
O=C1CNCCN(Cc2ccn3ncnc(Nc4ccc5c(cnn5Cc5cccc(F)c5)c4)c23)C1,train
O=C(O)c1ccccc1Nc1ccnc(Nc2cccc(O)c2)n1,train
O=C(Nc1cccc(Nc2ncnc3cc(OCCCN4CCN(CCO)CC4)ccc23)c1)Nc1ccc(Cl)c(C(F)(F)F)c1,train
O=C(Cc1cc(F)c(F)cc1F)Nc1cccc(Oc2cc(Nc3ccc(OCc4cccc(F)c4)c(Cl)c3)ncn2)c1,train
O=C(C=CCN1CCCCC1)Nc1ccc2ncnc(Nc3cccc(Br)c3)c2c1,train
NCC1CCN(Cc2ccn3ncnc(Nc4ccc5c(cnn5Cc5cccc(F)c5)c4)c23)CC1,train
Nc1ncnc2c1c(-c1ccc3cn[nH]c3c1)nn2C1CCCC1,train
Nc1ncnc2c1c(-c1ccc3[nH]ccc3c1)nn2C1CCCC1,train
Nc1ncnc(Nc2ccc(OCc3ccccc3)c(Cl)c2)c1-c1nnc(CCN2CCOCC2)o1,train
Nc1ncnc(Nc2ccc(OCc3ccccc3)c(Cl)c2)c1C(=O)Nc1ccccc1,train
Nc1cccc(C#Cc2cncnc2Nc2ccc(OCc3cccc(F)c3)c(Cl)c2)c1,train
Nc1ccc2c(c1)sc1c(Nc3cccc(Br)c3)ncnc12,train
NC(=O)OC1CNC(C#Cc2cc3ncnc(Nc4ccc(OCc5cccc(F)c5)c(Cl)c4)c3s2)C1,train
NC(=O)c1cc(-c2cccc(N)c2)cc2cccnc12,train
Fc1cccc(COc2ccc(Nc3ncncc3C#Cc3ccn[nH]3)cc2Cl)c1,train
Fc1cccc(COc2ccc(Nc3ncnc4cc(C#CC5CCCN5)sc34)cc2Cl)c1,train
CSc1cccc(Nc2ncc3cc(-c4c(Cl)cccc4Cl)c(=O)n(C)c3n2)c1,train
CS(=O)(=O)CCNCc1cc(-c2cc3c(Nc4ccc(OCc5cccc(F)c5)c(Cl)c4)ncnc3s2)cs1,train
CS(=O)(=O)CCNc1nc(-c2ccc3ncnc(Nc4ccc(OCc5ccccc5)cc4)c3c2)cs1,train
CON=Cc1c(N)ncnc1Nc1ccc(OCc2cccc(F)c2)c(Cl)c1,train
COc1cn2ncnc(Nc3ccc4c(cnn4Cc4cccc(F)c4)c3)c2c1CN1CCCNCC1,test
COc1ccccc1Nc1ncc2cc(-c3c(Cl)cccc3Cl)c(=O)n(C)c2n1,train
COc1ccc(Oc2nc3ccc(C)cc3cc2C=NNC(=O)Cn2c([N+](=O)[O-])cnc2C)cc1,test
COc1ccc(CNc2[nH]nc3ncnc(Nc4cccc(Cl)c4)c23)cc1,train
COc1ccc(-c2nc3cc(-c4csc(C(=O)NCC(C)C)c4)cnc3[nH]2)cc1,train
COc1cc2ncnc(Oc3cccc(NC(=O)Nc4cc(C(C)(C)C(F)(F)F)on4)c3)c2cc1OC,train
COc1cc2ncnc(Nc3cc(Cl)ccc3F)c2cc1OC1CCN(CC(N)=O)CC1,train
COc1cc2c(NC3CC3c3ccccc3)c(C#N)cnc2cc1OCCCc1cccnc1,train
COc1cc2c(NC3CC3c3ccccc3)c(C#N)cnc2cc1OC1CCN(C)CC1,train
COc1cc2c(Nc3c(F)cc(Br)cc3F)ncnc2cc1OCC1CCN(C)CC1,train
COc1cc(OC2CCNCC2)c2c(Nc3ccc(F)c(Cl)c3)ncnc2c1,train
COc1cc(Nc2nccc(Nc3cc(C4CCCCC4)no3)n2)cc(OC)c1OC,train
CN1CCN(Cc2ccn3ncnc(Nc4ccc5c(cnn5Cc5cccc(F)c5)c4)c23)CC1,train
CN1CCC(O)(c2nc(-c3ccc(F)cc3)c(-c3ccncc3)o2)CC1,train
Cn1c(=O)c(-c2c(Cl)cccc2Cl)cc2cnc(Nc3cccc(O)c3)nc21,test
Cn1c(=O)c(-c2c(Cl)cccc2Cl)cc2cnc(Nc3ccc(CC(=O)O)cc3)nc21,train
CN(C)CCCCC(=O)Nc1cccc(-c2c(-c3ccccc3)oc3ncnc(NC(CO)c4ccccc4)c23)c1,train
CN(C)c1ccc(Nc2ncnc3cc(-c4ccccc4)sc23)cc1,train
Clc1cccc(Nc2[nH]nc3ncnc(NCc4ccccc4)c23)c1,train
CCOc1cc2ncc(C#N)c(Nc3ccc(OCc4ccccc4)c(Cl)c3)c2cc1NC(=O)C=CCN1CCSCC1,train
CCOc1cc2ncc(C#N)c(Nc3ccc(OCc4ccccc4)c(Cl)c3)c2cc1NC(=O)C=CCN1CCOCCOCCOCC1,train
CCOc1cc2ncc(C#N)c(Nc3ccc(OCc4ccc(OCc5ccccc5)cc4)c(Cl)c3)c2cc1NC(=O)C=CCN(C)C,train
CCOC(=O)c1cc2c(Nc3ccc4c(cnn4Cc4ccccc4)c3)ncnn2c1,train
CCNC(=O)OC1CNC(C#Cc2cc3ncnc(Nc4ccc(OCc5cccc(F)c5)c(Cl)c4)c3s2)C1,train
CCNC(=O)OC1CNC(C#Cc2cc3ncnc(Nc4ccc(OCc5cccc(F)c5)c(Cl)c4)c3s2)C1,train
CCc1c(C(=O)O)cn2ncnc(Nc3ccc4c(cnn4Cc4ccccc4)c3)c12,train
CCc1c(C(=O)NC)cn2ncnc(Nc3ccc4c(cnn4Cc4ccccc4)c3)c12,train
Cc1ncnc(Nc2ccc(OCc3cccc(F)c3)c(Cl)c2)c1C#Cc1ccc(CN2CCCC2)o1,train
Cc1ccc(Oc2ccc(Nc3ncnc4[nH]nc(OCCN5CCC(O)CC5)c34)cc2C)cn1,train
CC1CCC(n2nc(-c3ccc(F)c(O)c3)c3c(N)ncnc32)C1,train
Cc1ccc(C2=NN(C(N)=S)C(c3ccc4ccccc4c3)C2)cc1,train
CC=[SH](O)(O)NC1C=NC(C#Cc2cc3ncnc(Nc4ccc(OCc5cccc(F)c5)c(Cl)c4)c3s2)C1,train
CC(C)(O)CC(=O)NCCn1ccc2ncnc(Nc3ccc(Oc4cccc(C(F)(F)F)c4)c(Cl)c3)c21,test
CC(=O)NCCn1ccc2ncnc(Nc3ccc(Oc4cccc5sncc45)c(Cl)c3)c21,train
CC(=O)Nc1cccc(C#Cc2cncnc2Nc2ccc(OCc3cccc(F)c3)c(Cl)c2)c1,train
C=S(O)(O)=CCNCc1ccc(-c2ccc3ncnc(Nc4ccc(OCc5ccccc5)c(Cl)c4)c3c2)o1,train
C=S(O)(O)=CCNCc1ccc(C=Cc2c(C)ncnc2Nc2ccc(OCc3cccc(F)c3)c(Cl)c2)cc1,train
C=S(O)(O)=CCNCc1ccc(C#Cc2c(C)ncnc2Nc2ccc(OCc3cccc(F)c3)c(Cl)c2)o1,train
C=S(O)(O)=CCNCc1cc(-c2cc3ncnc(Nc4ccc(OCc5cccc(F)c5)c(Cl)c4)c3s2)co1,train
C=S(O)(O)=CCNC(=O)NCc1cccc(C#Cc2cncnc2Nc2ccc(OCc3cccc(F)c3)c(Cl)c2)n1,test
C=S(O)(O)=C(C)C(=O)NCCn1ccc2ncnc(Nc3ccc(Oc4cccc(C(F)(F)F)c4)c(Cl)c3)c21,train
C=CC(=O)Nc1nc2c(Nc3ccc(F)c(Cl)c3)ncnc2cc1C=CCCN1CCOCC1,train
C=CC(=O)Nc1ccc(C(=O)Nc2cccc(C(O)c3ccccc3)c2)c(O)c1,train
C=CC(=O)N1CCc2c(sc3ncnc(NC(CC)c4ccccc4)c23)C1,train
C#Cc1cccc(Nc2ncnc3cc4c(cc23)N(C(=O)CC=CN2CCCCC2)CCO4)c1,test
C#Cc1cccc(Nc2ncnc3cc4c(cc23)N(C(=O)CC=CN2CCC(C)CC2)CCO4)c1,train
Brc1cccc(Nc2ncnc3cc4n[nH]nc4cc23)c1,train
O=c1oc2cc3ncnc(Nc4ccc(F)c(F)c4)c3cc2n1CCCN1CCOCC1,train
O=c1oc2c(O)c(O)cc3c(=O)oc4c(O)c(O)cc1c4c23,train
O=C(OCc1ccccc1)c1cc(NCc2cc(O)ccc2O)ccc1O,train
O=C(OC1CNC(C#Cc2cc3ncnc(Nc4ccc(OCc5cccc(F)c5)c(Cl)c4)c3s2)C1)N1CCOCC1,train
O=C(Oc1ccccc1)c1cc(NCc2cc(O)ccc2O)ccc1O,train
O=C(NCCn1ccc2ncnc(Nc3ccc(Oc4cccc5sncc45)c(Cl)c3)c21)C1CCCN1,train
O=C(Nc1cccc(Oc2ccc(Nc3ncnc4ccn(CCOCCO)c34)cc2Cl)c1)NC1CCCCC1,train
O=C(CCC=NCC1COC1)Nc1cc2c(Nc3ccc(F)c(Cl)c3)ncnc2s1,train
O=C(Cc1cnc2cc3nc[nH]c(Nc4cccc(Br)c4)c3cc12)N1CCOCC1,train
O=C(C#CCN1CCCCC1)Nc1ccc2ncnc(Nc3cccc(Br)c3)c2c1,train
NS(=O)(=O)c1cccc(Nc2ncc3ccn(-c4ccccc4)c3n2)c1,test
Nc1ncnc2c1c(-c1ccc3occc3c1)nn2C1CCCC1,train
Nc1ncnc2c1c(-c1ccc3cc[nH]c3c1)nn2C1CCCC1,test
Nc1ncnc(Nc2ccc3c(cnn3Cc3cccc(F)c3)c2)c1C=NNCC(F)(F)F,train
Nc1nccc(-c2c(-c3ccc(F)cc3)ncn2C2CCCCC2)n1,train
NC1CCN(Cc2ccn3ncnc(Nc4ccc5c(cnn5Cc5cccnc5)c4)c23)CC1,train
NC1CCN(Cc2ccn3ncnc(Nc4ccc(OCc5cccc(F)c5)c(Cl)c4)c23)CC1,test
Nc1cccc(Oc2cc(Nc3ccc(OCc4cccc(F)c4)c(Cl)c3)ncn2)c1,train
Nc1ccc2sc3c(Nc4cccc(Br)c4)ncnc3c2c1,train
NC(=O)c1ccc2c(-c3ccnc(NCCCO)n3)c(-c3ccc(F)cc3)nn2c1,train
N#Cc1cnc2ccc(-c3ccc(CN4CCOCC4)cc3)cc2c1NC1CC1c1ccccc1,train
Fc1cccc(COc2ccc(Nc3ncncc3C#Cc3ncccn3)cc2Cl)c1,train
Fc1cccc(COc2ccc(Nc3ncncc3C#Cc3cc[nH]n3)cc2Cl)c1,train
Fc1ccc(Nc2ncnc3nc(Nc4ccc(CN5CCOCC5)cc4)sc23)cc1Cl,test
CS(=O)(=O)NCCNCc1ccc(-c2ccc3ncnc(Nc4ccc(OCc5cccc(F)c5)c(Cl)c4)c3c2)o1,train
CS(=O)(=O)CCN(CC#N)Cc1ccc(-c2ccc3ncnc(Nc4ccc(OCc5cccc(F)c5)c(Cl)c4)c3c2)o1,train
COc1nccc(-c2c(-c3ccc(F)cc3)ncn2C2CCC(O)CC2)n1,test
COc1cn2ncnc(Nc3ccc4c(cnn4Cc4cccc(F)c4)c3)c2c1COCC1CNCCO1,train
COc1ccc(OC)c(Cc2cc3c(N(C)c4cccc(Br)c4)nc(N)nc3n2C)c1,test
COc1cc2ncc(C(=O)NC3CC(C)(C)N(O)C(C)(C)C3)c(Nc3cccc(Cl)c3)c2cc1OC,train
COc1cc2c(Nc3c(F)cc(Cl)cc3F)ncnc2cc1OCC1CCNCC1,train
COc1cc2c(cc1OC)Nc1ncnc(NCc3ccc(F)c(Cl)c3)c1NC2,train
COc1cc2c(cc1OC)Nc1ncnc(NC(C)c3ccccc3)c1NC2,train
COc1cc(Nc2ncc(F)c(Nc3ccc4c(n3)NC(=O)C(C)(C)O4)n2)cc(OC)c1OC,train
CNc1cc2c(Nc3cccc(C(F)(F)F)c3)ncnc2cn1,train
CNC(=O)c1nc(-c2ccc(Cl)c(S(=O)(=O)Nc3cccc(F)c3F)c2)cnc1N,train
CNC(=O)c1nc(-c2ccc(Cl)c(S(=O)(=O)Nc3cccc(F)c3C)c2)cnc1N,train
CN1CCCN(Cc2ccn3ncnc(Nc4ccc5c(cnn5Cc5cccc(F)c5)c4)c23)CC1,train
Cn1c(=O)c(-c2c(Cl)cccc2Cl)cc2cnc(Nc3ccncc3)nc21,test
CN(C)Cc1ccc(-c2cc3ncnc(Nc4ccc(OCc5cccc(F)c5)c(Cl)c4)c3s2)[nH]1,train
CN(C)C(=O)OC1CNC(C#Cc2cc3ncnc(Nc4ccc(OCc5cccc(F)c5)c(Cl)c4)c3s2)C1,test
CN(C)C(=O)OC1CNC(C#Cc2cc3ncnc(Nc4ccc(OCc5cccc(F)c5)c(Cl)c4)c3s2)C1,test
Clc1cccc(Nc2[nH]cnc3nnc(-c4ccccc4)c2-3)c1,train
CCON=Cc1c(N)ncnc1Nc1ccc2c(cnn2Cc2cccc(F)c2)c1,train
CCOc1cc2ncnc(C#Cc3[nH]ccc3-c3ccccc3)c2cc1OCC,test
CCOc1cc2ncc(C#N)c(Nc3ccc(OCc4ccccc4)c(Cl)c3)c2cc1NC(=O)C=CCN1CCOCC1,train
CCOc1cc2ncc(C#N)c(Nc3ccc(OCc4ccccc4)c(Cl)c3)c2cc1NC(=O)C=CCN1CCC1,train
CCOc1cc2ncc(C#N)c(Nc3ccc(NCc4cccc5ccccc45)c(Cl)c3)c2cc1NC(=O)C=CCN(C)C,train
CCNc1cc2sc3c(Nc4cccc(Br)c4)ncnc3c2cc1F,train
CCn1c(=O)c(-c2c(Cl)cccc2Cl)cc2cnc(Nc3ccccc3)nc21,train
CCN(CCO)CCCOc1ccc2c(Nc3cccc(NC(=O)Nc4ccc(Cl)c(C(F)(F)F)c4)c3)ncnc2c1,test
CCN(CC)C(=O)OC1CNC(C#Cc2cc3ncnc(Nc4ccc(OCc5cccc(F)c5)c(Cl)c4)c3s2)C1,train
CCc1ncnc(Nc2ccc(OCc3cccc(F)c3)c(Cl)c2)c1C,train
Cc1ncnc(Nc2ccc(OCc3cccc(F)c3)c(Cl)c2)c1C#Cc1ccc(CN2CCCC2)s1,train
Cc1ccccc1Nc1nc2cc(F)c(N(C)C(=O)CC=CN(C)C)cc2n2cncc12,test
Cc1cccc(Nc2ncnc3c2sc2ccc(N)cc23)c1,train
Cc1cccc(C)c1-c1cc2cnc(N)nc2nc1NC(=O)NC(C)(C)C,train
Cc1ccc(Oc2nc3ccc(C)cc3cc2C=NNC(=O)Cn2c([N+](=O)[O-])cnc2C)cc1,train
Cc1ccc(Oc2ccc(Nc3ncnc4[nH]nc(OCCN5CCC(O)CC5)c34)cc2Cl)cn1,train
Cc1ccc(-n2nc(C(C)(C)C)cc2NC(=O)Nc2ccc(OCCN3CCOCC3)c3ccccc23)cc1,train
Cc1cc2cc(Nc3ccnc4cc(-c5ccc(CNCCO)cc5)sc34)ccc2[nH]1,train
Cc1cc2cc(Nc3ccnc4cc(-c5ccc(CNCCCO)cc5)sc34)ccc2[nH]1,train
Cc1cc(O)ccc1-n1c2cc(Cl)ccc2c(=O)c2c(N)nc(N)nc21,train
Cc1cc(CCC(=O)O)[nH]c1C=C1C(=O)Nc2ncnc(Nc3ccc(F)c(Cl)c3)c21,train
Cc1c(OCC(F)(F)F)ccnc1COc1cccc(Nc2ncnc3cc4oc(=O)n(CCCN5CCOCC5)c4cc23)c1,train
Cc1c(NC(=O)OCC2COCCN2)cn2ncnc(Nc3ccc4c(cnn4Cc4cccc(F)c4)c3)c12,train
CC(Nc1ncnc2c1sc1ccccc12)c1ccccc1,train
CC(Nc1ncnc2c1sc1ccccc12)c1ccccc1,train
CC(C)c1nnc2ccc(-c3c(-c4ccc(F)cc4F)nc4n3CCC4)nn12,train
CC(C)(CO)C(=O)NCCn1ccc2ncnc(Nc3ccc(Oc4cccc5sncc45)c(Cl)c3)c21,train
c1ccc(Nc2ncnc3[nH]c4c(c23)CCCC4)cc1,train
c1ccc(Cn2ncc3cc(Nc4ncnn5ccc(COCC6CNCCO6)c45)ccc32)nc1,train
C=S(O)(O)=CCNCCCCOc1ccc2ncnc(Nc3ccc(S(=O)(=O)c4ccccc4)cc3)c2c1,train
C=S(O)(O)=CCNCc1ccc(C#Cc2c(C)ncnc2Nc2ccc(OCc3cccc(F)c3)c(Cl)c2)cc1,train
C=S(O)(O)=CCNC(=O)C1=Cc2c(ncnc2Nc2ccc(Oc3cccc(C(F)(F)F)c3)c(Cl)c2)NCC1,train
C=S(O)(O)=CC(=O)NCCn1ccc2ncnc(Nc3ccc(Oc4cccc(Cl)c4)c(Cl)c3)c21,train
C=CC(=O)Nc1nc2c(Nc3ccc(F)c(Cl)c3)ncnc2cc1OC,train
C=CC(=O)Nc1cc2nc[nH]c(Nc3cccc(Br)c3)c-2n1,test
C=CC(=O)N1CCc2c(sc3ncnc(NC(CO)c4ccccc4)c23)C1,train
